235377,"Блокнот Axent А5 80sheets. square, Catsline (8000-14-А)",U0180354,8000-14-А,73.28,,"<p>

<b>Axent А5 80sheets. square, Catsline (8000-14-А) </b>- это стильный канцелярский продукт, в котором сочетаются высокое немецкое качество и приятная невысокая цена.<br><br>Немецкая компания Axent – это торговая марка, выпускающая широкий ассортимент канцелярских товаров для офиса. Продукция компании станет вашим личным помощником, который никогда не подведет, выделит как профессионала и подчеркнет именно ваш индивидуальный стиль. Бренду Axent удалось отойти от скучных шаблонов в офисной канцелярии и предложить интересные дизайнерские решения, современные цвета и необычные фактуры. Axent – это больше, чем просто канцелярия, это канцелярия с характером, это продукты, которыми приятно пользоваться. 

<br></p>",0,"Канцтовары > Блокноты, записные книжки, дневники > Блокноты",Axent,http://opt.brain.com.ua/static/images/prod_img/5/4/U0180354_big.jpg,http://opt.brain.com.ua/static/images/prod_img/5/4/U0180354_2big.jpg,,,,Производитель,Axent,Модель,"А5 80sheets. square, Catsline",Артикул,8000-14-А,Формат,А5,Линовка,клетка,Цвет бумаги,кремовая,Количество листов,80,Цвет обложки,разноцветный,Материал обложки,пластик,Переплет,нитко-клеевое,Сшивка блока,боковая,Страна производства,Германия
235379,"Блокнот Axent А5 80sheets. square, Stripes (8000-15-А)",U0180356,8000-15-А,74.83,,"<p>

<b>Axent А5 80sheets. square, Stripes (8000-15-А) </b>- это стильный канцелярский продукт, в котором сочетаются высокое немецкое качество и приятная невысокая цена.<br><br>Немецкая компания Axent – это торговая марка, выпускающая широкий ассортимент канцелярских товаров для офиса. Продукция компании станет вашим личным помощником, который никогда не подведет, выделит как профессионала и подчеркнет именно ваш индивидуальный стиль. Бренду Axent удалось отойти от скучных шаблонов в офисной канцелярии и предложить интересные дизайнерские решения, современные цвета и необычные фактуры. Axent – это больше, чем просто канцелярия, это канцелярия с характером, это продукты, которыми приятно пользоваться. 

<br></p>",0,"Канцтовары > Блокноты, записные книжки, дневники > Блокноты",Axent,http://opt.brain.com.ua/static/images/prod_img/5/6/U0180356_big.jpg,http://opt.brain.com.ua/static/images/prod_img/5/6/U0180356_2big.jpg,,,,Производитель,Axent,Модель,"А5 80sheets. square, Stripes",Артикул,8000-15-А,Формат,А5,Линовка,клетка,Цвет бумаги,кремовая,Количество листов,80,Цвет обложки,черный с красным,Материал обложки,пластик,Переплет,нитко-клеевое,Сшивка блока,боковая,Страна производства,Германия
235380,"Блокнот Axent А6 80sheets. square, Catsline (8001-14-А)",U0180357,8001-14-А,44.4,,"<p>

<b>Axent А6 80sheets. square, Catsline (8001-14-А) </b>- это стильный канцелярский продукт, в котором сочетаются высокое немецкое качество и приятная невысокая цена.<br><br>Немецкая компания Axent – это торговая марка, выпускающая широкий ассортимент канцелярских товаров для офиса. Продукция компании станет вашим личным помощником, который никогда не подведет, выделит как профессионала и подчеркнет именно ваш индивидуальный стиль. Бренду Axent удалось отойти от скучных шаблонов в офисной канцелярии и предложить интересные дизайнерские решения, современные цвета и необычные фактуры. Axent – это больше, чем просто канцелярия, это канцелярия с характером, это продукты, которыми приятно пользоваться. 

<br></p>",0,"Канцтовары > Блокноты, записные книжки, дневники > Блокноты",Axent,http://opt.brain.com.ua/static/images/prod_img/5/7/U0180357_big.jpg,http://opt.brain.com.ua/static/images/prod_img/5/7/U0180357_2big.jpg,,,,Производитель,Axent,Модель,"А6 80sheets. square, Catsline",Артикул,8001-14-А,Формат,А6,Линовка,клетка,Цвет бумаги,кремовая,Количество листов,80,Цвет обложки,полноцветный рисунок,Материал обложки,пластик,Переплет,нитко-клеевое,Сшивка блока,боковая,Страна производства,Германия
235381,"Блокнот Axent А6 80sheets. square, Gapchinska-18 (8001-18-А)",U0180358,8001-18-А,52.78,,"<p>

<b>Axent А6 80sheets. square, Gapchinska-18 (8001-18-А) </b>- это стильный канцелярский продукт, в котором сочетаются высокое немецкое качество и приятная невысокая цена.<br><br>Немецкая компания Axent – это торговая марка, выпускающая широкий ассортимент канцелярских товаров для офиса. Продукция компании станет вашим личным помощником, который никогда не подведет, выделит как профессионала и подчеркнет именно ваш индивидуальный стиль. Бренду Axent удалось отойти от скучных шаблонов в офисной канцелярии и предложить интересные дизайнерские решения, современные цвета и необычные фактуры. Axent – это больше, чем просто канцелярия, это канцелярия с характером, это продукты, которыми приятно пользоваться. 

<br></p>",0,"Канцтовары > Блокноты, записные книжки, дневники > Блокноты",Axent,http://opt.brain.com.ua/static/images/prod_img/5/8/U0180358_big.jpg,http://opt.brain.com.ua/static/images/prod_img/5/8/U0180358_2big.jpg,http://opt.brain.com.ua/static/images/prod_img/5/8/U0180358_3big.jpg,,,Производитель,Axent,Модель,"А6 80sheets. square, Gapchinska-18",Артикул,8001-18-А,Формат,А6,Линовка,клетка,Цвет бумаги,белый,Количество листов,80,Цвет обложки,полноцветный рисунок,Материал обложки,пластик,Переплет,нитко-клеевое,Сшивка блока,боковая,Страна производства,Германия
235382,"Блокнот Axent А6 80sheets. square, Stripes (8001-15-А)",U0180359,8001-15-А,36.02,,"<p>

<b>Axent А6 80sheets. square, Stripes (8001-15-А) </b>- это стильный канцелярский продукт, в котором сочетаются высокое немецкое качество и приятная невысокая цена.<br><br>Немецкая компания Axent – это торговая марка, выпускающая широкий ассортимент канцелярских товаров для офиса. Продукция компании станет вашим личным помощником, который никогда не подведет, выделит как профессионала и подчеркнет именно ваш индивидуальный стиль. Бренду Axent удалось отойти от скучных шаблонов в офисной канцелярии и предложить интересные дизайнерские решения, современные цвета и необычные фактуры. Axent – это больше, чем просто канцелярия, это канцелярия с характером, это продукты, которыми приятно пользоваться. 

<br></p>",0,"Канцтовары > Блокноты, записные книжки, дневники > Блокноты",Axent,http://opt.brain.com.ua/static/images/prod_img/5/9/U0180359_big.jpg,http://opt.brain.com.ua/static/images/prod_img/5/9/U0180359_2big.jpg,,,,Производитель,Axent,Модель,"А6 80sheets. square, Stripes",Артикул,8001-15-А,Формат,А6,Линовка,клетка,Цвет бумаги,кремовая,Количество листов,80,Цвет обложки,черный с синим,Материал обложки,пластик,Переплет,нитко-клеевое,Сшивка блока,боковая,Страна производства,Германия
235383,"Блокнот Axent with dividers А5, 120sheets, square, green (8405-03-A)",U0180360,8405-03-A,68.62,,"<p>

<b>Axent with dividers А5, 120sheets, square, green (8405-03-A) </b>- это стильный канцелярский продукт, в котором сочетаются высокое немецкое качество и приятная невысокая цена.<br><br>Немецкая компания Axent – это торговая марка, выпускающая широкий ассортимент канцелярских товаров для офиса. Продукция компании станет вашим личным помощником, который никогда не подведет, выделит как профессионала и подчеркнет именно ваш индивидуальный стиль. Бренду Axent удалось отойти от скучных шаблонов в офисной канцелярии и предложить интересные дизайнерские решения, современные цвета и необычные фактуры. Axent – это больше, чем просто канцелярия, это канцелярия с характером, это продукты, которыми приятно пользоваться. 

<br></p>",0,"Канцтовары > Блокноты, записные книжки, дневники > Блокноты",Axent,http://opt.brain.com.ua/static/images/prod_img/6/0/U0180360_big.jpg,,,,,Производитель,Axent,Модель,"with dividers А5, 120sheets, square, green",Артикул,8405-03-A,Формат,А5,Линовка,клетка,Цвет бумаги,белый,Количество листов,120,Цвет обложки,зеленый,Материал обложки,пластик,Переплет,боковая спираль,Сшивка блока,боковая,Страна производства,Германия
235384,"Блокнот Axent with dividers А5, 120sheets, square, orange (8405-04-A)",U0180361,8405-04-A,68.31,,"<p>

<b>Axent with dividers А5, 120sheets, square, orange (8405-04-A) </b>- это стильный канцелярский продукт, в котором сочетаются высокое немецкое качество и приятная невысокая цена.<br><br>Немецкая компания Axent – это торговая марка, выпускающая широкий ассортимент канцелярских товаров для офиса. Продукция компании станет вашим личным помощником, который никогда не подведет, выделит как профессионала и подчеркнет именно ваш индивидуальный стиль. Бренду Axent удалось отойти от скучных шаблонов в офисной канцелярии и предложить интересные дизайнерские решения, современные цвета и необычные фактуры. Axent – это больше, чем просто канцелярия, это канцелярия с характером, это продукты, которыми приятно пользоваться. 

<br></p>",0,"Канцтовары > Блокноты, записные книжки, дневники > Блокноты",Axent,http://opt.brain.com.ua/static/images/prod_img/6/1/U0180361_big.jpg,,,,,Производитель,Axent,Модель,"with dividers А5, 120sheets, square, orange",Артикул,8405-04-A,Формат,А5,Линовка,клетка,Цвет бумаги,белый,Количество листов,120,Цвет обложки,оранжевый,Материал обложки,пластик,Переплет,боковая спираль,Сшивка блока,боковая,Страна производства,Германия
235385,"Блокнот Axent with dividers А5, 120sheets, square, blue (8405-01-A)",U0180362,8405-01-A,94.39,,"<p>

<b>Axent with dividers А5, 120sheets, square, blue (8405-01-A) </b>- это стильный канцелярский продукт, в котором сочетаются высокое немецкое качество и приятная невысокая цена.<br><br>Немецкая компания Axent – это торговая марка, выпускающая широкий ассортимент канцелярских товаров для офиса. Продукция компании станет вашим личным помощником, который никогда не подведет, выделит как профессионала и подчеркнет именно ваш индивидуальный стиль. Бренду Axent удалось отойти от скучных шаблонов в офисной канцелярии и предложить интересные дизайнерские решения, современные цвета и необычные фактуры. Axent – это больше, чем просто канцелярия, это канцелярия с характером, это продукты, которыми приятно пользоваться. 

<br></p>",0,"Канцтовары > Блокноты, записные книжки, дневники > Блокноты",Axent,http://opt.brain.com.ua/static/images/prod_img/6/2/U0180362_big.jpg,,,,,Производитель,Axent,Модель,"with dividers А5, 120sheets, square, blue",Артикул,8405-01-A,Формат,А5,Линовка,клетка,Цвет бумаги,белый,Количество листов,120,Цвет обложки,синий,Материал обложки,пластик,Переплет,боковая спираль,Сшивка блока,боковая,Страна производства,Германия
235386,"Блокнот Axent with dividers А5, 120sheets, square, red (8405-02-A)",U0180363,8405-02-A,94.39,,"<p>

<b>Axent with dividers А5, 120sheets, square, red (8405-02-A) </b>- это стильный канцелярский продукт, в котором сочетаются высокое немецкое качество и приятная невысокая цена.<br><br>Немецкая компания Axent – это торговая марка, выпускающая широкий ассортимент канцелярских товаров для офиса. Продукция компании станет вашим личным помощником, который никогда не подведет, выделит как профессионала и подчеркнет именно ваш индивидуальный стиль. Бренду Axent удалось отойти от скучных шаблонов в офисной канцелярии и предложить интересные дизайнерские решения, современные цвета и необычные фактуры. Axent – это больше, чем просто канцелярия, это канцелярия с характером, это продукты, которыми приятно пользоваться. 

<br></p>",0,"Канцтовары > Блокноты, записные книжки, дневники > Блокноты",Axent,http://opt.brain.com.ua/static/images/prod_img/6/3/U0180363_big.jpg,,,,,Производитель,Axent,Модель,"with dividers А5, 120sheets, square, red",Артикул,8405-02-A,Формат,А5,Линовка,клетка,Цвет бумаги,белый,Количество листов,120,Цвет обложки,красный,Материал обложки,пластик,Переплет,боковая спираль,Сшивка блока,боковая,Страна производства,Германия
235439,"Блокнот BUROMAX spiral top, А4, 48sheets, square, blue (BM.2460-02)",U0182562,BM.2460-02,19.25,,"<p>Блокнот BUROMAX - это стильный канцелярский продукт, в котором сочетаются высокое немецкое качество и приятная невысокая цена.<br><br>Продукция ТМ Buromax, в первую очередь, ориентирована на ценителей стиля и качества, прогрессивных, активных и современных деловых людей. Канцелярия ТМ Buromax выгодно подчеркивает индивидуальность и деловой стиль современного офиса, а ассортимент способен удовлетворить потребности даже самого искушенного потребителя. Коллекция канцелярских принадлежностей ТМ Buromax- воплощение инновационных разработок и дизайнерских решений, а также лучшие материалы и отличное качество исполнения.<br></p>",0,"Канцтовары > Блокноты, записные книжки, дневники > Блокноты",BUROMAX,http://opt.brain.com.ua/static/images/prod_img/6/2/U0182562_big.jpg,,,,,Производитель,BUROMAX,Модель,"spiral top, А4, 48sheets, square, blue",Артикул,BM.2460-02,Формат,А4,Линовка,клетка,Цвет бумаги,белый,Количество листов,48,Цвет обложки,синий,Материал обложки,мелованный картон,Переплет,металлическая пружина,Сшивка блока,сверху,Страна производства,Украина
235440,"Блокнот BUROMAX spiral top, А4, 48sheets, square, green (BM.2460-04)",U0182563,BM.2460-04,19.25,,"<p>Блокнот BUROMAX - это стильный канцелярский продукт, в котором сочетаются высокое немецкое качество и приятная невысокая цена.<br><br>Продукция ТМ Buromax, в первую очередь, ориентирована на ценителей стиля и качества, прогрессивных, активных и современных деловых людей. Канцелярия ТМ Buromax выгодно подчеркивает индивидуальность и деловой стиль современного офиса, а ассортимент способен удовлетворить потребности даже самого искушенного потребителя. Коллекция канцелярских принадлежностей ТМ Buromax- воплощение инновационных разработок и дизайнерских решений, а также лучшие материалы и отличное качество исполнения.<br></p>",0,"Канцтовары > Блокноты, записные книжки, дневники > Блокноты",BUROMAX,http://opt.brain.com.ua/static/images/prod_img/6/3/U0182563_big.jpg,,,,,Производитель,BUROMAX,Модель,"spiral top, А4, 48sheets, square, green",Артикул,BM.2460-04,Формат,А4,Линовка,клетка,Цвет бумаги,белый,Количество листов,48,Цвет обложки,зеленый,Материал обложки,мелованный картон,Переплет,металлическая пружина,Сшивка блока,сверху,Страна производства,Украина
235441,"Блокнот BUROMAX spiral top, А4, 48sheets, square, violet (BM.2460-07)",U0182564,BM.2460-07,19.25,,"<p>Блокнот BUROMAX - это стильный канцелярский продукт, в котором сочетаются высокое немецкое качество и приятная невысокая цена.<br><br>Продукция ТМ Buromax, в первую очередь, ориентирована на ценителей стиля и качества, прогрессивных, активных и современных деловых людей. Канцелярия ТМ Buromax выгодно подчеркивает индивидуальность и деловой стиль современного офиса, а ассортимент способен удовлетворить потребности даже самого искушенного потребителя. Коллекция канцелярских принадлежностей ТМ Buromax- воплощение инновационных разработок и дизайнерских решений, а также лучшие материалы и отличное качество исполнения.<br></p>",0,"Канцтовары > Блокноты, записные книжки, дневники > Блокноты",BUROMAX,http://opt.brain.com.ua/static/images/prod_img/6/4/U0182564_big.jpg,,,,,Производитель,BUROMAX,Модель,"spiral top, А4, 48sheets, square, violet",Артикул,BM.2460-07,Формат,А4,Линовка,клетка,Цвет бумаги,белый,Количество листов,48,Цвет обложки,фиолетовый,Материал обложки,мелованный картон,Переплет,металлическая пружина,Сшивка блока,сверху,Страна производства,Украина
235442,"Блокнот BUROMAX spiral top, А4, 48sheets, square, burgundy (BM.2460-13)",U0182565,BM.2460-13,19.25,,"<p>Блокнот BUROMAX - это стильный канцелярский продукт, в котором сочетаются высокое немецкое качество и приятная невысокая цена.<br><br>Продукция ТМ Buromax, в первую очередь, ориентирована на ценителей стиля и качества, прогрессивных, активных и современных деловых людей. Канцелярия ТМ Buromax выгодно подчеркивает индивидуальность и деловой стиль современного офиса, а ассортимент способен удовлетворить потребности даже самого искушенного потребителя. Коллекция канцелярских принадлежностей ТМ Buromax- воплощение инновационных разработок и дизайнерских решений, а также лучшие материалы и отличное качество исполнения.<br></p>",0,"Канцтовары > Блокноты, записные книжки, дневники > Блокноты",BUROMAX,http://opt.brain.com.ua/static/images/prod_img/6/5/U0182565_big.jpg,,,,,Производитель,BUROMAX,Модель,"spiral top, А4, 48sheets, square, burgundy",Артикул,BM.2460-13,Формат,А4,Линовка,клетка,Цвет бумаги,белый,Количество листов,48,Цвет обложки,бордовый,Материал обложки,мелованный картон,Переплет,металлическая пружина,Сшивка блока,сверху,Страна производства,Украина
235443,"Блокнот BUROMAX spiral top, А5, 48sheets, square, green (BM.2470-04)",U0182567,BM.2470-04,9.94,,"<p>Блокнот BUROMAX - это стильный канцелярский продукт, в котором сочетаются высокое немецкое качество и приятная невысокая цена.<br><br>Продукция ТМ Buromax, в первую очередь, ориентирована на ценителей стиля и качества, прогрессивных, активных и современных деловых людей. Канцелярия ТМ Buromax выгодно подчеркивает индивидуальность и деловой стиль современного офиса, а ассортимент способен удовлетворить потребности даже самого искушенного потребителя. Коллекция канцелярских принадлежностей ТМ Buromax- воплощение инновационных разработок и дизайнерских решений, а также лучшие материалы и отличное качество исполнения.<br></p>",0,"Канцтовары > Блокноты, записные книжки, дневники > Блокноты",BUROMAX,http://opt.brain.com.ua/static/images/prod_img/6/7/U0182567_big.jpg,,,,,Производитель,BUROMAX,Модель,"spiral top, А5, 48sheets, square, green",Артикул,BM.2470-04,Формат,А5,Линовка,клетка,Цвет бумаги,белый,Количество листов,48,Цвет обложки,зеленый,Материал обложки,мелованный картон,Переплет,металлическая пружина,Сшивка блока,сверху,Страна производства,Украина
235444,"Блокнот BUROMAX spiral top, А5, 48sheets, square, violet (BM.2470-07)",U0182568,BM.2470-07,9.94,,"<p>Блокнот BUROMAX - это стильный канцелярский продукт, в котором сочетаются высокое немецкое качество и приятная невысокая цена.<br><br>Продукция ТМ Buromax, в первую очередь, ориентирована на ценителей стиля и качества, прогрессивных, активных и современных деловых людей. Канцелярия ТМ Buromax выгодно подчеркивает индивидуальность и деловой стиль современного офиса, а ассортимент способен удовлетворить потребности даже самого искушенного потребителя. Коллекция канцелярских принадлежностей ТМ Buromax- воплощение инновационных разработок и дизайнерских решений, а также лучшие материалы и отличное качество исполнения.<br></p>",0,"Канцтовары > Блокноты, записные книжки, дневники > Блокноты",BUROMAX,http://opt.brain.com.ua/static/images/prod_img/6/8/U0182568_big.jpg,,,,,Производитель,BUROMAX,Модель,"spiral top, А5, 48sheets, square, violet",Артикул,BM.2470-07,Формат,А5,Линовка,клетка,Цвет бумаги,белый,Количество листов,48,Цвет обложки,фиолетовый,Материал обложки,мелованный картон,Переплет,металлическая пружина,Сшивка блока,сверху,Страна производства,Украина
235445,"Блокнот BUROMAX spiral top, А5, 48sheets, square, burgundy (BM.2470-13)",U0182569,BM.2470-13,9.94,,"<p>Блокнот BUROMAX - это стильный канцелярский продукт, в котором сочетаются высокое немецкое качество и приятная невысокая цена.<br><br>Продукция ТМ Buromax, в первую очередь, ориентирована на ценителей стиля и качества, прогрессивных, активных и современных деловых людей. Канцелярия ТМ Buromax выгодно подчеркивает индивидуальность и деловой стиль современного офиса, а ассортимент способен удовлетворить потребности даже самого искушенного потребителя. Коллекция канцелярских принадлежностей ТМ Buromax- воплощение инновационных разработок и дизайнерских решений, а также лучшие материалы и отличное качество исполнения.<br></p>",0,"Канцтовары > Блокноты, записные книжки, дневники > Блокноты",BUROMAX,http://opt.brain.com.ua/static/images/prod_img/6/9/U0182569_big.jpg,,,,,Производитель,BUROMAX,Модель,"spiral top, А5, 48sheets, square, burgundy",Артикул,BM.2470-13,Формат,А5,Линовка,клетка,Цвет бумаги,белый,Количество листов,48,Цвет обложки,бордовый,Материал обложки,мелованный картон,Переплет,металлическая пружина,Сшивка блока,сверху,Страна производства,Украина
235446,"Блокнот BUROMAX spiral top, А5, 48sheets, square, brown (BM.2470-18)",U0182570,BM.2470-18,12.73,,"<p>Блокнот BUROMAX - это стильный канцелярский продукт, в котором сочетаются высокое немецкое качество и приятная невысокая цена.<br><br>Продукция ТМ Buromax, в первую очередь, ориентирована на ценителей стиля и качества, прогрессивных, активных и современных деловых людей. Канцелярия ТМ Buromax выгодно подчеркивает индивидуальность и деловой стиль современного офиса, а ассортимент способен удовлетворить потребности даже самого искушенного потребителя. Коллекция канцелярских принадлежностей ТМ Buromax- воплощение инновационных разработок и дизайнерских решений, а также лучшие материалы и отличное качество исполнения.<br></p>",0,"Канцтовары > Блокноты, записные книжки, дневники > Блокноты",BUROMAX,http://opt.brain.com.ua/static/images/prod_img/7/0/U0182570_big.jpg,,,,,Производитель,BUROMAX,Модель,"spiral top, А5, 48sheets, square, brown",Артикул,BM.2470-18,Формат,А5,Линовка,клетка,Цвет бумаги,белый,Количество листов,48,Цвет обложки,коричневый,Материал обложки,мелованный картон,Переплет,металлическая пружина,Сшивка блока,сверху,Страна производства,Украина
235447,"Блокнот BUROMAX spiral top, А5, 80sheets, KRAFT, square, perforation (BM.2471)",U0182571,BM.2471,27.95,,"<p>Блокнот BUROMAX - это стильный канцелярский продукт, в котором сочетаются высокое немецкое качество и приятная невысокая цена.<br><br>Продукция ТМ Buromax, в первую очередь, ориентирована на ценителей стиля и качества, прогрессивных, активных и современных деловых людей. Канцелярия ТМ Buromax выгодно подчеркивает индивидуальность и деловой стиль современного офиса, а ассортимент способен удовлетворить потребности даже самого искушенного потребителя. Коллекция канцелярских принадлежностей ТМ Buromax- воплощение инновационных разработок и дизайнерских решений, а также лучшие материалы и отличное качество исполнения.<br></p>",0,"Канцтовары > Блокноты, записные книжки, дневники > Блокноты",BUROMAX,http://opt.brain.com.ua/static/images/prod_img/7/1/U0182571_big.jpg,http://opt.brain.com.ua/static/images/prod_img/7/1/U0182571_2big.jpg,http://opt.brain.com.ua/static/images/prod_img/7/1/U0182571_3big.jpg,http://opt.brain.com.ua/static/images/prod_img/7/1/U0182571_4big.jpg,,Производитель,BUROMAX,Модель,"spiral top, А5, 80sheets, KRAFT,  square, perforat",Артикул,BM.2471,Формат,А5,Линовка,клетка,Цвет бумаги,белый,Количество листов,80,Цвет обложки,полноцветный рисунок,Материал обложки,высокоплотный картон,Переплет,металлическая пружина,Сшивка блока,сверху,Страна производства,Украина
235448,"Блокнот BUROMAX spiral top, А5, 80sheets, KRAFT, white, perforation,assorted (BM.2473)",U0182572,BM.2473,27.32,,"<p>Блокнот BUROMAX - это стильный канцелярский продукт, в котором сочетаются высокое немецкое качество и приятная невысокая цена.<br><br>Продукция ТМ Buromax, в первую очередь, ориентирована на ценителей стиля и качества, прогрессивных, активных и современных деловых людей. Канцелярия ТМ Buromax выгодно подчеркивает индивидуальность и деловой стиль современного офиса, а ассортимент способен удовлетворить потребности даже самого искушенного потребителя. Коллекция канцелярских принадлежностей ТМ Buromax- воплощение инновационных разработок и дизайнерских решений, а также лучшие материалы и отличное качество исполнения.<br></p>",0,"Канцтовары > Блокноты, записные книжки, дневники > Блокноты",BUROMAX,http://opt.brain.com.ua/static/images/prod_img/7/2/U0182572_big.jpg,http://opt.brain.com.ua/static/images/prod_img/7/2/U0182572_2big.jpg,http://opt.brain.com.ua/static/images/prod_img/7/2/U0182572_3big.jpg,http://opt.brain.com.ua/static/images/prod_img/7/2/U0182572_4big.jpg,,Производитель,BUROMAX,Модель,"spiral top, А5, 80sheets, KRAFT, white, perforatio",Артикул,BM.2473,Формат,А5,Линовка,белый,Цвет бумаги,белый,Количество листов,80,Цвет обложки,полноцветный рисунок,Материал обложки,высокоплотный картон,Переплет,металлическая пружина,Сшивка блока,сверху,Страна производства,Украина
235449,"Блокнот BUROMAX spiral top, А6, 48sheets, square, blue (BM.2480-02)",U0182573,BM.2480-02,6.21,,"<p>Блокнот BUROMAX - это стильный канцелярский продукт, в котором сочетаются высокое немецкое качество и приятная невысокая цена.<br><br>Продукция ТМ Buromax, в первую очередь, ориентирована на ценителей стиля и качества, прогрессивных, активных и современных деловых людей. Канцелярия ТМ Buromax выгодно подчеркивает индивидуальность и деловой стиль современного офиса, а ассортимент способен удовлетворить потребности даже самого искушенного потребителя. Коллекция канцелярских принадлежностей ТМ Buromax- воплощение инновационных разработок и дизайнерских решений, а также лучшие материалы и отличное качество исполнения.<br></p>",0,"Канцтовары > Блокноты, записные книжки, дневники > Блокноты",BUROMAX,http://opt.brain.com.ua/static/images/prod_img/7/3/U0182573_big.jpg,,,,,Производитель,BUROMAX,Модель,"spiral top, А6, 48sheets, square, blue",Артикул,BM.2480-02,Формат,А6,Линовка,клетка,Цвет бумаги,белый,Количество листов,48,Цвет обложки,синий,Материал обложки,картон,Переплет,металлическая пружина,Сшивка блока,сверху,Страна производства,Украина
235450,"Блокнот BUROMAX spiral top, А6, 48sheets, square, green (BM.2480-04)",U0182574,BM.2480-04,6.21,,"<p>Блокнот BUROMAX - это стильный канцелярский продукт, в котором сочетаются высокое немецкое качество и приятная невысокая цена.<br><br>Продукция ТМ Buromax, в первую очередь, ориентирована на ценителей стиля и качества, прогрессивных, активных и современных деловых людей. Канцелярия ТМ Buromax выгодно подчеркивает индивидуальность и деловой стиль современного офиса, а ассортимент способен удовлетворить потребности даже самого искушенного потребителя. Коллекция канцелярских принадлежностей ТМ Buromax- воплощение инновационных разработок и дизайнерских решений, а также лучшие материалы и отличное качество исполнения.<br></p>",0,"Канцтовары > Блокноты, записные книжки, дневники > Блокноты",BUROMAX,http://opt.brain.com.ua/static/images/prod_img/7/4/U0182574_big.jpg,,,,,Производитель,BUROMAX,Модель,"spiral top, А6, 48sheets, square, green",Артикул,BM.2480-04,Формат,А6,Линовка,клетка,Цвет бумаги,белый,Количество листов,48,Цвет обложки,зеленый,Материал обложки,картон,Переплет,металлическая пружина,Сшивка блока,сверху,Страна производства,Украина
235451,"Блокнот BUROMAX spiral top, А6, 48sheets, square, violet (BM.2480-07)",U0182575,BM.2480-07,6.21,,"<p>Блокнот BUROMAX - это стильный канцелярский продукт, в котором сочетаются высокое немецкое качество и приятная невысокая цена.<br><br>Продукция ТМ Buromax, в первую очередь, ориентирована на ценителей стиля и качества, прогрессивных, активных и современных деловых людей. Канцелярия ТМ Buromax выгодно подчеркивает индивидуальность и деловой стиль современного офиса, а ассортимент способен удовлетворить потребности даже самого искушенного потребителя. Коллекция канцелярских принадлежностей ТМ Buromax- воплощение инновационных разработок и дизайнерских решений, а также лучшие материалы и отличное качество исполнения.<br></p>",0,"Канцтовары > Блокноты, записные книжки, дневники > Блокноты",BUROMAX,http://opt.brain.com.ua/static/images/prod_img/7/5/U0182575_big.jpg,,,,,Производитель,BUROMAX,Модель,"spiral top, А6, 48sheets, square, violet",Артикул,BM.2480-07,Формат,А6,Линовка,клетка,Цвет бумаги,белый,Количество листов,48,Цвет обложки,фиолетовый,Материал обложки,картон,Переплет,металлическая пружина,Сшивка блока,сверху,Страна производства,Украина
235452,"Блокнот BUROMAX spiral top, А6, 48sheets, square, burgundy (BM.2480-13)",U0182576,BM.2480-13,6.21,,"<p>Блокнот BUROMAX - это стильный канцелярский продукт, в котором сочетаются высокое немецкое качество и приятная невысокая цена.<br><br>Продукция ТМ Buromax, в первую очередь, ориентирована на ценителей стиля и качества, прогрессивных, активных и современных деловых людей. Канцелярия ТМ Buromax выгодно подчеркивает индивидуальность и деловой стиль современного офиса, а ассортимент способен удовлетворить потребности даже самого искушенного потребителя. Коллекция канцелярских принадлежностей ТМ Buromax- воплощение инновационных разработок и дизайнерских решений, а также лучшие материалы и отличное качество исполнения.<br></p>",0,"Канцтовары > Блокноты, записные книжки, дневники > Блокноты",BUROMAX,http://opt.brain.com.ua/static/images/prod_img/7/6/U0182576_big.jpg,,,,,Производитель,BUROMAX,Модель,"spiral top, А6, 48sheets, square, burgundy",Артикул,BM.2480-13,Формат,А6,Линовка,клетка,Цвет бумаги,белый,Количество листов,48,Цвет обложки,бордовый,Материал обложки,картон,Переплет,металлическая пружина,Сшивка блока,сверху,Страна производства,Украина
235453,"Блокнот BUROMAX spiral top, А6, 80sheets, KRAFT, square (assorted) (BM.2481)",U0182577,BM.2481,16.46,,"<p>Блокнот BUROMAX - это стильный канцелярский продукт, в котором сочетаются высокое немецкое качество и приятная невысокая цена.<br><br>Продукция ТМ Buromax, в первую очередь, ориентирована на ценителей стиля и качества, прогрессивных, активных и современных деловых людей. Канцелярия ТМ Buromax выгодно подчеркивает индивидуальность и деловой стиль современного офиса, а ассортимент способен удовлетворить потребности даже самого искушенного потребителя. Коллекция канцелярских принадлежностей ТМ Buromax- воплощение инновационных разработок и дизайнерских решений, а также лучшие материалы и отличное качество исполнения.<br></p>",0,"Канцтовары > Блокноты, записные книжки, дневники > Блокноты",BUROMAX,http://opt.brain.com.ua/static/images/prod_img/7/7/U0182577_big.jpg,http://opt.brain.com.ua/static/images/prod_img/7/7/U0182577_2big.jpg,,,,Производитель,BUROMAX,Модель,"spiral top, А6, 80sheets, KRAFT,  square (assorted",Артикул,BM.2481,Формат,А6,Линовка,клетка,Цвет бумаги,белый,Количество листов,80,Цвет обложки,ассорти,Материал обложки,высокоплотный картон,Переплет,боковая спираль,Сшивка блока,боковая,Страна производства,Украина
235454,"Блокнот РЕВЕРС spiral top, А4, 48sheets, square, assorted colors (БА4.48-194)",U0182578,БА4.48-194,22.05,,"<p>

<b>Блокнот РЕВЕРС spiral top, А4, 48sheets, square, 10шт(assorted colors) (БА4.48-194)</b>

 является удобным способом ведения записей, он всегда находится под рукой. Этот аксессуар стал неотъемлемым аксессуаром как студента, так и бизнесмена.<br><br><b>Особенности

РЕВЕРС spiral top, А4, 48sheets

:&nbsp;</b>формат A4.&nbsp;Тип крепления: спираль.&nbsp;Обложка: картон.&nbsp;48 листов.&nbsp;Бумага: 60 г/м².&nbsp;Линовка: клетка.<br></p>",0,"Канцтовары > Блокноты, записные книжки, дневники > Блокноты",РЕВЕРС,http://opt.brain.com.ua/static/images/prod_img/7/8/U0182578_big.jpg,,,,,Производитель,РЕВЕРС,Модель,"spiral top, А4, 48sheets, square, assorted colors",Артикул,БА4.48-194,Формат,А4,Линовка,клетка,Цвет бумаги,белый,Количество листов,48,Цвет обложки,ассорти,Материал обложки,картон,Переплет,металлическая пружина,Сшивка блока,боковая,Страна производства,Украина
235455,"Блокнот РЕВЕРС spiral top, А5, 48sheets, square, assorted colors (БА5.48-168)",U0182579,БА5.48-168,13.35,,"<p>

<b>Блокнот РЕВЕРС spiral top, А5, 48sheets, square, 10шт(assorted colors) (БА5.48-168)

</b>

 является удобным способом ведения записей, он всегда находится под рукой. Этот аксессуар стал неотъемлемым аксессуаром как студента, так и бизнесмена.<br><br><b>Особенности

 РЕВЕРС spiral top, А5, 48sheets

:&nbsp;</b>формат A5.&nbsp;Тип крепления: спираль.&nbsp;Обложка: картон.&nbsp;48 листов.&nbsp;Бумага: 60 г/м².&nbsp;Линовка: клетка. &nbsp;&nbsp;<br></p>",0,"Канцтовары > Блокноты, записные книжки, дневники > Блокноты",РЕВЕРС,http://opt.brain.com.ua/static/images/prod_img/7/9/U0182579_big.jpg,,,,,Производитель,РЕВЕРС,Модель,"spiral top, А5, 48sheets, square, assorted colors",Артикул,БА5.48-168,Формат,А5,Линовка,клетка,Цвет бумаги,белый,Количество листов,48,Цвет обложки,ассорти,Материал обложки,картон,Переплет,металлическая пружина,Сшивка блока,сверху,Страна производства,Украина
235456,"Блокнот РЕВЕРС spiral top, А6, 48sheets, square, assorted colors (БА6.48-169)",U0182580,БА6.48-169,6.52,,"<p>

<b>Блокнот 

РЕВЕРС spiral top, А6, 48sheets, square, 10шт(assorted colors) (БА6.48-169)



</b>

 является удобным способом ведения записей, он всегда находится под рукой. Этот аксессуар стал неотъемлемым аксессуаром как студента, так и бизнесмена.<br><br><b>Особенности

РЕВЕРС spiral top, А6, 48sheets, square, 10шт(assorted colors) :&nbsp;</b>формат A6.&nbsp;Тип крепления: спираль.&nbsp;Обложка: картон.&nbsp;48 листов.&nbsp;Бумага: 60 г/м².&nbsp;Линовка: клетка. &nbsp;&nbsp;<br></p>",0,"Канцтовары > Блокноты, записные книжки, дневники > Блокноты",РЕВЕРС,http://opt.brain.com.ua/static/images/prod_img/8/0/U0182580_big.jpg,,,,,Производитель,РЕВЕРС,Модель,"spiral top, А6, 48sheets, square, assorted colors",Артикул,БА6.48-169,Формат,А6,Линовка,клетка,Цвет бумаги,белый,Количество листов,48,Цвет обложки,ассорти,Материал обложки,картон,Переплет,металлическая пружина,Сшивка блока,сверху,Страна производства,Украина
235457,"Блокнот РЕВЕРС spiral top, А6, 96sheets, square, ""Journalism"" (assorted col (БА6.96-212)",U0182581,БА6.96-212,22.36,,"<p>

<p><b>Блокнот РЕВЕРС spiral top, А6, 96sheets, square, ""Journalism"" (assorted col (БА6.96-212)
</b>
<br></p><p>Блокнот является удобным способом ведения записей, он всегда находится под рукой. Этот аксессуар стал неотъемлемым аксессуаром как студента, так и бизнесмена. Особенности:&nbsp;формат A6.&nbsp;Тип крепления: спираль.&nbsp;Обложка: картон.&nbsp;96 листов.&nbsp;Бумага: 60 г/м².&nbsp;Линовка: клетка.</p><p>На сегодняшний день ассортимент продукции 

РЕВЕРС

 значительно расширился, что позволяет удовлетворить пожелания самых требовательных потребителей. Ассортимент продукции 

<b>РЕВЕРС</b>&nbsp;насчитывает не одну тысячу наименований. К Вашему вниманию различные товары для офиса, письменные принадлежности, бумажно-деловые изделия, товары для школьников и детей, широкий выбор товаров для делопроизводства, калькуляторы, а также сувенирная и подарочная продукция и многие другие товары.</p>

<br></p>",0,"Канцтовары > Блокноты, записные книжки, дневники > Блокноты",РЕВЕРС,http://opt.brain.com.ua/static/images/prod_img/8/1/U0182581_big.jpg,,,,,Производитель,РЕВЕРС,Модель,"spiral top, А6, 96sheets, square, ""Journalism"" (as",Артикул,БА6.96-212,Формат,А6,Линовка,клетка,Цвет бумаги,белый,Количество листов,96,Цвет обложки,ассорти,Материал обложки,картон,Переплет,металлическая пружина,Сшивка блока,сверху,Страна производства,Украина
235458,"Блокнот РЕВЕРС spiral top, А7, 48sheets, square, assorted colors (БА7.48-152)",U0182582,БА7.48-152,4.97,,"<p><b>Блокнот 

 РЕВЕРС spiral top, А7, 48sheets, square, 20шт(assorted colors) (БА7.48-152)
</b>

 <br>Блокнот является удобным способом ведения записей, он всегда находится под рукой. Этот аксессуар стал неотъемлемым аксессуаром как студента, так и бизнесмена. Особенности: формат A6. Тип крепления: спираль. Обложка: картон. 48 листов. Бумага: 60 г/м². Линовка: клетка.</p><p>На сегодняшний день ассортимент продукции РЕВЕРС значительно расширился, что позволяет удовлетворить пожелания самых требовательных потребителей. Ассортимент продукции РЕВЕРС насчитывает не одну тысячу наименований. К Вашему вниманию различные товары для офиса, письменные принадлежности, бумажно-деловые изделия, товары для школьников и детей, широкий выбор товаров для делопроизводства, калькуляторы, а также сувенирная и подарочная продукция и многие другие товары.<br></p>",0,"Канцтовары > Блокноты, записные книжки, дневники > Блокноты",РЕВЕРС,http://opt.brain.com.ua/static/images/prod_img/8/2/U0182582_big.jpg,,,,,Производитель,РЕВЕРС,Модель,"spiral top, А7, 48sheets, square, assorted colors",Артикул,БА7.48-152,Формат,А7,Линовка,клетка,Цвет бумаги,белый,Количество листов,48,Цвет обложки,ассорти,Материал обложки,картон,Переплет,металлическая пружина,Сшивка блока,сверху,Страна производства,Украина
235459,"Блокнот BUROMAX spiral side, А5, 96sheets, UKRAINE (assorted) (BM.2412)",U0182583,BM.2412,32.29,"Формат - А5, линовка - клетка, цвет бумаги - белый, количество листов - 96, цвет обложки - ассорти, переплет - боковая спираль, сшивка блока - боковая","<p>Блокнот BUROMAX - это стильный канцелярский продукт, в котором сочетаются высокое немецкое качество и приятная невысокая цена.<br><br>Продукция ТМ Buromax, в первую очередь, ориентирована на ценителей стиля и качества, прогрессивных, активных и современных деловых людей. Канцелярия ТМ Buromax выгодно подчеркивает индивидуальность и деловой стиль современного офиса, а ассортимент способен удовлетворить потребности даже самого искушенного потребителя. Коллекция канцелярских принадлежностей ТМ Buromax- воплощение инновационных разработок и дизайнерских решений, а также лучшие материалы и отличное качество исполнения.<br></p>",0,"Канцтовары > Блокноты, записные книжки, дневники > Блокноты",BUROMAX,http://opt.brain.com.ua/static/images/prod_img/8/3/U0182583_big.jpg,http://opt.brain.com.ua/static/images/prod_img/8/3/U0182583_2big.jpg,http://opt.brain.com.ua/static/images/prod_img/8/3/U0182583_3big.jpg,http://opt.brain.com.ua/static/images/prod_img/8/3/U0182583_4big.jpg,http://opt.brain.com.ua/static/images/prod_img/8/3/U0182583_5big.jpg,Производитель,BUROMAX,Модель,"spiral side, А5, 96sheets, UKRAINE (assorted)",Артикул,BM.2412,Формат,А5,Линовка,клетка,Цвет бумаги,белый,Количество листов,96,Цвет обложки,ассорти,Материал обложки,ламинированный картон,Переплет,боковая спираль,Сшивка блока,боковая,Страна производства,Украина
235460,"Блокнот BUROMAX spiral side, А5, 80sheets, KRAFT, square (assorted) (BM.2415)",U0182584,BM.2415,33.22,"Формат - А5, линовка - клетка, цвет бумаги - белый, количество листов - 80, цвет обложки - ассорти, переплет - металлическая пружина, сшивка блока - боковая","<p>Блокнот BUROMAX - это стильный канцелярский продукт, в котором сочетаются высокое немецкое качество и приятная невысокая цена.<br><br>Продукция ТМ Buromax, в первую очередь, ориентирована на ценителей стиля и качества, прогрессивных, активных и современных деловых людей. Канцелярия ТМ Buromax выгодно подчеркивает индивидуальность и деловой стиль современного офиса, а ассортимент способен удовлетворить потребности даже самого искушенного потребителя. Коллекция канцелярских принадлежностей ТМ Buromax- воплощение инновационных разработок и дизайнерских решений, а также лучшие материалы и отличное качество исполнения.<br></p>",0,"Канцтовары > Блокноты, записные книжки, дневники > Блокноты",BUROMAX,http://opt.brain.com.ua/static/images/prod_img/8/4/U0182584_big.jpg,http://opt.brain.com.ua/static/images/prod_img/8/4/U0182584_2big.jpg,http://opt.brain.com.ua/static/images/prod_img/8/4/U0182584_3big.jpg,http://opt.brain.com.ua/static/images/prod_img/8/4/U0182584_4big.jpg,http://opt.brain.com.ua/static/images/prod_img/8/4/U0182584_5big.jpg,Производитель,BUROMAX,Модель,"spiral side, А5, 80sheets, KRAFT, square (assorted",Артикул,BM.2415,Формат,А5,Линовка,клетка,Цвет бумаги,белый,Количество листов,80,Цвет обложки,ассорти,Материал обложки,крафт-картон,Переплет,металлическая пружина,Сшивка блока,боковая,Страна производства,Украина
235461,"Блокнот BUROMAX spiral side, А5, 96sheets, KRAFT, square, perforation (BM.2418)",U0182585,BM.2418,39.12,,"<p>Блокнот BUROMAX - это стильный канцелярский продукт, в котором сочетаются высокое немецкое качество и приятная невысокая цена.<br><br>Продукция ТМ Buromax, в первую очередь, ориентирована на ценителей стиля и качества, прогрессивных, активных и современных деловых людей. Канцелярия ТМ Buromax выгодно подчеркивает индивидуальность и деловой стиль современного офиса, а ассортимент способен удовлетворить потребности даже самого искушенного потребителя. Коллекция канцелярских принадлежностей ТМ Buromax- воплощение инновационных разработок и дизайнерских решений, а также лучшие материалы и отличное качество исполнения.<br></p>",0,"Канцтовары > Блокноты, записные книжки, дневники > Блокноты",BUROMAX,http://opt.brain.com.ua/static/images/prod_img/8/5/U0182585_big.jpg,http://opt.brain.com.ua/static/images/prod_img/8/5/U0182585_2big.jpg,http://opt.brain.com.ua/static/images/prod_img/8/5/U0182585_3big.jpg,,,Производитель,BUROMAX,Модель,"spiral side, А5, 96sheets, KRAFT, square,  perfora",Артикул,BM.2418,Формат,А5,Линовка,клетка,Цвет бумаги,белый,Количество листов,96,Цвет обложки,ассорти,Материал обложки,крафт-картон,Переплет,металлическая пружина,Сшивка блока,боковая,Страна производства,Украина
235462,"Блокнот BUROMAX spiral side, В5, 80sheets, Note, square, burgundy (BM.2419-513)",U0182586,BM.2419-513,69.86,,"<p>Блокнот BUROMAX - это стильный канцелярский продукт, в котором сочетаются высокое немецкое качество и приятная невысокая цена.<br><br>Продукция ТМ Buromax, в первую очередь, ориентирована на ценителей стиля и качества, прогрессивных, активных и современных деловых людей. Канцелярия ТМ Buromax выгодно подчеркивает индивидуальность и деловой стиль современного офиса, а ассортимент способен удовлетворить потребности даже самого искушенного потребителя. Коллекция канцелярских принадлежностей ТМ Buromax- воплощение инновационных разработок и дизайнерских решений, а также лучшие материалы и отличное качество исполнения.<br></p>",0,"Канцтовары > Блокноты, записные книжки, дневники > Блокноты",BUROMAX,http://opt.brain.com.ua/static/images/prod_img/8/6/U0182586_big.jpg,,,,,Производитель,BUROMAX,Модель,"spiral side, В5, 80sheets, Note, square, burgundy",Артикул,BM.2419-513,Формат,В5,Линовка,клетка,Цвет бумаги,белый,Количество листов,80,Цвет обложки,бордовый,Материал обложки,пластик,Переплет,боковая спираль,Сшивка блока,боковая,Страна производства,Украина
235463,"Блокнот BUROMAX spiral side, В5, 80sheets, Barocco, square, violet (BM.2419-607)",U0182587,BM.2419-607,29.19,,"<p>Блокнот BUROMAX - это стильный канцелярский продукт, в котором сочетаются высокое немецкое качество и приятная невысокая цена.<br><br>Продукция ТМ Buromax, в первую очередь, ориентирована на ценителей стиля и качества, прогрессивных, активных и современных деловых людей. Канцелярия ТМ Buromax выгодно подчеркивает индивидуальность и деловой стиль современного офиса, а ассортимент способен удовлетворить потребности даже самого искушенного потребителя. Коллекция канцелярских принадлежностей ТМ Buromax- воплощение инновационных разработок и дизайнерских решений, а также лучшие материалы и отличное качество исполнения.<br></p>",0,"Канцтовары > Блокноты, записные книжки, дневники > Блокноты",BUROMAX,http://opt.brain.com.ua/static/images/prod_img/8/7/U0182587_big.jpg,,,,,Производитель,BUROMAX,Модель,"spiral side, В5, 80sheets, Barocco, square, violet",Артикул,BM.2419-607,Формат,В5,Линовка,клетка,Цвет бумаги,белый,Количество листов,80,Цвет обложки,фиолетовый,Материал обложки,пластик,Переплет,боковая спираль,Сшивка блока,боковая,Страна производства,Украина
235464,"Блокнот BUROMAX spiral side, В5, 80sheets, Barocco, square, pink (BM.2419-610)",U0182588,BM.2419-610,29.19,,"<p>Блокнот BUROMAX - это стильный канцелярский продукт, в котором сочетаются высокое немецкое качество и приятная невысокая цена.<br><br>Продукция ТМ Buromax, в первую очередь, ориентирована на ценителей стиля и качества, прогрессивных, активных и современных деловых людей. Канцелярия ТМ Buromax выгодно подчеркивает индивидуальность и деловой стиль современного офиса, а ассортимент способен удовлетворить потребности даже самого искушенного потребителя. Коллекция канцелярских принадлежностей ТМ Buromax- воплощение инновационных разработок и дизайнерских решений, а также лучшие материалы и отличное качество исполнения.</p>",0,"Канцтовары > Блокноты, записные книжки, дневники > Блокноты",BUROMAX,http://opt.brain.com.ua/static/images/prod_img/8/8/U0182588_big.jpg,,,,,Производитель,BUROMAX,Модель,"spiral side, В5, 80sheets, Barocco, square, pink",Артикул,BM.2419-610,Формат,В5,Линовка,клетка,Цвет бумаги,белый,Количество листов,80,Цвет обложки,розовый,Материал обложки,пластик,Переплет,боковая спираль,Сшивка блока,боковая,Страна производства,Украина
235465,"Блокнот BUROMAX spiral side, В5, 80sheets, Barocco, square, blue (BM.2419-614)",U0182589,BM.2419-614,29.19,,"<p>Блокнот BUROMAX - это стильный канцелярский продукт, в котором сочетаются высокое немецкое качество и приятная невысокая цена.<br><br>Продукция ТМ Buromax, в первую очередь, ориентирована на ценителей стиля и качества, прогрессивных, активных и современных деловых людей. Канцелярия ТМ Buromax выгодно подчеркивает индивидуальность и деловой стиль современного офиса, а ассортимент способен удовлетворить потребности даже самого искушенного потребителя. Коллекция канцелярских принадлежностей ТМ Buromax- воплощение инновационных разработок и дизайнерских решений, а также лучшие материалы и отличное качество исполнения.<br></p>",0,"Канцтовары > Блокноты, записные книжки, дневники > Блокноты",BUROMAX,http://opt.brain.com.ua/static/images/prod_img/8/9/U0182589_big.jpg,,,,,Производитель,BUROMAX,Модель,"spiral side, В5, 80sheets, Barocco, square, blue",Артикул,BM.2419-614,Формат,В5,Линовка,клетка,Цвет бумаги,белый,Количество листов,80,Цвет обложки,голубой,Материал обложки,пластик,Переплет,боковая спираль,Сшивка блока,боковая,Страна производства,Украина
235466,"Блокнот BUROMAX spiral side, В5, 80sheets, Barocco, square, green (BM.2419-615)",U0182590,BM.2419-615,29.81,,"<p>Блокнот BUROMAX - это стильный канцелярский продукт, в котором сочетаются высокое немецкое качество и приятная невысокая цена.<br><br>Продукция ТМ Buromax, в первую очередь, ориентирована на ценителей стиля и качества, прогрессивных, активных и современных деловых людей. Канцелярия ТМ Buromax выгодно подчеркивает индивидуальность и деловой стиль современного офиса, а ассортимент способен удовлетворить потребности даже самого искушенного потребителя. Коллекция канцелярских принадлежностей ТМ Buromax- воплощение инновационных разработок и дизайнерских решений, а также лучшие материалы и отличное качество исполнения.<br></p>",0,"Канцтовары > Блокноты, записные книжки, дневники > Блокноты",BUROMAX,http://opt.brain.com.ua/static/images/prod_img/9/0/U0182590_big.jpg,,,,,Производитель,BUROMAX,Модель,"spiral side, В5, 80sheets, Barocco, square, green",Артикул,BM.2419-615,Формат,В5,Линовка,клетка,Цвет бумаги,белый,Количество листов,80,Цвет обложки,салатовый,Материал обложки,пластик,Переплет,боковая спираль,Сшивка блока,боковая,Страна производства,Украина
235467,"Блокнот BUROMAX spiral side, B5, 80sheets, Metallic, square, blue (BM.2419-902)",U0182591,BM.2419-902,22.67,,"<p>Блокнот BUROMAX - это стильный канцелярский продукт, в котором сочетаются высокое немецкое качество и приятная невысокая цена.<br><br>Продукция ТМ Buromax, в первую очередь, ориентирована на ценителей стиля и качества, прогрессивных, активных и современных деловых людей. Канцелярия ТМ Buromax выгодно подчеркивает индивидуальность и деловой стиль современного офиса, а ассортимент способен удовлетворить потребности даже самого искушенного потребителя. Коллекция канцелярских принадлежностей ТМ Buromax- воплощение инновационных разработок и дизайнерских решений, а также лучшие материалы и отличное качество исполнения.<br></p>",0,"Канцтовары > Блокноты, записные книжки, дневники > Блокноты",BUROMAX,http://opt.brain.com.ua/static/images/prod_img/9/1/U0182591_big.jpg,,,,,Производитель,BUROMAX,Модель,"spiral side, B5, 80sheets, Metallic, square, blue",Артикул,BM.2419-902,Формат,В5,Линовка,клетка,Цвет бумаги,белый,Количество листов,80,Цвет обложки,синий,Материал обложки,пластик,Переплет,боковая спираль,Сшивка блока,боковая,Страна производства,Украина
235468,"Блокнот BUROMAX spiral side, B5, 80sheets, Metallic, square, violet (BM.2419-907)",U0182592,BM.2419-907,22.05,,"<p>Блокнот BUROMAX - это стильный канцелярский продукт, в котором сочетаются высокое немецкое качество и приятная невысокая цена.<br><br>Продукция ТМ Buromax, в первую очередь, ориентирована на ценителей стиля и качества, прогрессивных, активных и современных деловых людей. Канцелярия ТМ Buromax выгодно подчеркивает индивидуальность и деловой стиль современного офиса, а ассортимент способен удовлетворить потребности даже самого искушенного потребителя. Коллекция канцелярских принадлежностей ТМ Buromax- воплощение инновационных разработок и дизайнерских решений, а также лучшие материалы и отличное качество исполнения.<br></p>",0,"Канцтовары > Блокноты, записные книжки, дневники > Блокноты",BUROMAX,http://opt.brain.com.ua/static/images/prod_img/9/2/U0182592_big.jpg,,,,,Производитель,BUROMAX,Модель,"spiral side, B5, 80sheets, Metallic, square, viole",Артикул,BM.2419-907,Формат,В5,Линовка,клетка,Цвет бумаги,белый,Количество листов,80,Цвет обложки,фиолетовый,Материал обложки,пластик,Переплет,боковая спираль,Сшивка блока,боковая,Страна производства,Украина
235469,"Блокнот BUROMAX spiral side, B5, 80sheets, Metallic, square, silver (BM.2419-924)",U0182593,BM.2419-924,22.05,,"<p>Блокнот BUROMAX - это стильный канцелярский продукт, в котором сочетаются высокое немецкое качество и приятная невысокая цена.<br><br>Продукция ТМ Buromax, в первую очередь, ориентирована на ценителей стиля и качества, прогрессивных, активных и современных деловых людей. Канцелярия ТМ Buromax выгодно подчеркивает индивидуальность и деловой стиль современного офиса, а ассортимент способен удовлетворить потребности даже самого искушенного потребителя. Коллекция канцелярских принадлежностей ТМ Buromax- воплощение инновационных разработок и дизайнерских решений, а также лучшие материалы и отличное качество исполнения.<br></p>",0,"Канцтовары > Блокноты, записные книжки, дневники > Блокноты",BUROMAX,http://opt.brain.com.ua/static/images/prod_img/9/3/U0182593_big.jpg,,,,,Производитель,BUROMAX,Модель,"spiral side, B5, 80sheets, Metallic, square, silve",Артикул,BM.2419-924,Формат,В5,Линовка,клетка,Цвет бумаги,белый,Количество листов,80,Цвет обложки,серебристый,Материал обложки,пластик,Переплет,боковая спираль,Сшивка блока,боковая,Страна производства,Украина
235470,"Блокнот BUROMAX spiral side, А6, 96sheets, square, UKRAINE (assorted) (BM.2422)",U0182594,BM.2422,19.56,,"<p>Блокнот BUROMAX - это стильный канцелярский продукт, в котором сочетаются высокое немецкое качество и приятная невысокая цена.<br><br>Продукция ТМ Buromax, в первую очередь, ориентирована на ценителей стиля и качества, прогрессивных, активных и современных деловых людей. Канцелярия ТМ Buromax выгодно подчеркивает индивидуальность и деловой стиль современного офиса, а ассортимент способен удовлетворить потребности даже самого искушенного потребителя. Коллекция канцелярских принадлежностей ТМ Buromax- воплощение инновационных разработок и дизайнерских решений, а также лучшие материалы и отличное качество исполнения.<br></p>",0,"Канцтовары > Блокноты, записные книжки, дневники > Блокноты",BUROMAX,http://opt.brain.com.ua/static/images/prod_img/9/4/U0182594_big.jpg,http://opt.brain.com.ua/static/images/prod_img/9/4/U0182594_2big.jpg,http://opt.brain.com.ua/static/images/prod_img/9/4/U0182594_3big.jpg,http://opt.brain.com.ua/static/images/prod_img/9/4/U0182594_4big.jpg,,Производитель,BUROMAX,Модель,"spiral side, А6, 96sheets, square, UKRAINE (assort",Артикул,BM.2422,Формат,А6,Линовка,клетка,Цвет бумаги,белый,Количество листов,96,Цвет обложки,ассорти,Материал обложки,ламинированный картон,Переплет,металлическая пружина,Сшивка блока,боковая,Страна производства,Украина
235471,"Блокнот BUROMAX spiral side, В5, 120арк, square, 3 dividers, yellow (BM.2424-108)",U0182595,BM.2424-108,47.51,,"<p>Блокнот BUROMAX - это стильный канцелярский продукт, в котором сочетаются высокое немецкое качество и приятная невысокая цена.<br><br>Продукция ТМ Buromax, в первую очередь, ориентирована на ценителей стиля и качества, прогрессивных, активных и современных деловых людей. Канцелярия ТМ Buromax выгодно подчеркивает индивидуальность и деловой стиль современного офиса, а ассортимент способен удовлетворить потребности даже самого искушенного потребителя. Коллекция канцелярских принадлежностей ТМ Buromax- воплощение инновационных разработок и дизайнерских решений, а также лучшие материалы и отличное качество исполнения.<br></p>",0,"Канцтовары > Блокноты, записные книжки, дневники > Блокноты",BUROMAX,http://opt.brain.com.ua/static/images/prod_img/9/5/U0182595_big.jpg,http://opt.brain.com.ua/static/images/prod_img/9/5/U0182595_2big.jpg,,,,Производитель,BUROMAX,Модель,"spiral side, В5, 120арк, square, 3 dividers, yello",Артикул,BM.2424-108,Формат,В5,Линовка,клетка,Цвет бумаги,белый,Количество листов,120,Цвет обложки,желтый,Материал обложки,пластик,Переплет,металлическая пружина,Сшивка блока,боковая,Страна производства,Украина
235472,"Блокнот BUROMAX spiral side, В5, 120арк, square, 3 dividers, pink (BM.2424-110)",U0182596,BM.2424-110,47.51,,"<p>Блокнот BUROMAX - это стильный канцелярский продукт, в котором сочетаются высокое немецкое качество и приятная невысокая цена.<br><br>Продукция ТМ Buromax, в первую очередь, ориентирована на ценителей стиля и качества, прогрессивных, активных и современных деловых людей. Канцелярия ТМ Buromax выгодно подчеркивает индивидуальность и деловой стиль современного офиса, а ассортимент способен удовлетворить потребности даже самого искушенного потребителя. Коллекция канцелярских принадлежностей ТМ Buromax- воплощение инновационных разработок и дизайнерских решений, а также лучшие материалы и отличное качество исполнения.<br></p>",0,"Канцтовары > Блокноты, записные книжки, дневники > Блокноты",BUROMAX,http://opt.brain.com.ua/static/images/prod_img/9/6/U0182596_big.jpg,http://opt.brain.com.ua/static/images/prod_img/9/6/U0182596_2big.jpg,,,,Производитель,BUROMAX,Модель,"spiral side, В5, 120арк, square, 3 dividers, pink",Артикул,BM.2424-110,Формат,В5,Линовка,клетка,Количество листов,120,Цвет обложки,розовый,Материал обложки,пластик,Переплет,металлическая пружина,Сшивка блока,боковая,Страна производства,Украина
235473,"Блокнот BUROMAX spiral side, А4, 80sheets, Barocco, square, violet (BM.2446-607)",U0182597,BM.2446-607,43.47,,"<p>Блокнот BUROMAX - это стильный канцелярский продукт, в котором сочетаются высокое немецкое качество и приятная невысокая цена.<br><br>Продукция ТМ Buromax, в первую очередь, ориентирована на ценителей стиля и качества, прогрессивных, активных и современных деловых людей. Канцелярия ТМ Buromax выгодно подчеркивает индивидуальность и деловой стиль современного офиса, а ассортимент способен удовлетворить потребности даже самого искушенного потребителя. Коллекция канцелярских принадлежностей ТМ Buromax- воплощение инновационных разработок и дизайнерских решений, а также лучшие материалы и отличное качество исполнения.<br></p>",0,"Канцтовары > Блокноты, записные книжки, дневники > Блокноты",BUROMAX,http://opt.brain.com.ua/static/images/prod_img/9/7/U0182597_big.jpg,,,,,Производитель,BUROMAX,Модель,"spiral side, А4, 80sheets, Barocco, square, violet",Артикул,BM.2446-607,Формат,А4,Линовка,клетка,Количество листов,80,Цвет обложки,фиолетовый,Материал обложки,пластик,Переплет,металлическая пружина,Сшивка блока,боковая,Страна производства,Украина
235474,"Блокнот BUROMAX spiral side, А4, 80sheets, Barocco, square, pink (BM.2446-610)",U0182598,BM.2446-610,43.78,,"<p>Блокнот BUROMAX - это стильный канцелярский продукт, в котором сочетаются высокое немецкое качество и приятная невысокая цена.<br><br>Продукция ТМ Buromax, в первую очередь, ориентирована на ценителей стиля и качества, прогрессивных, активных и современных деловых людей. Канцелярия ТМ Buromax выгодно подчеркивает индивидуальность и деловой стиль современного офиса, а ассортимент способен удовлетворить потребности даже самого искушенного потребителя. Коллекция канцелярских принадлежностей ТМ Buromax- воплощение инновационных разработок и дизайнерских решений, а также лучшие материалы и отличное качество исполнения.<br></p>",0,"Канцтовары > Блокноты, записные книжки, дневники > Блокноты",BUROMAX,http://opt.brain.com.ua/static/images/prod_img/9/8/U0182598_big.jpg,,,,,Производитель,BUROMAX,Модель,"spiral side, А4, 80sheets, Barocco, square, pink",Артикул,BM.2446-610,Формат,А4,Линовка,клетка,Цвет бумаги,белый,Количество листов,80,Цвет обложки,розовый,Материал обложки,пластик,Переплет,металлическая пружина,Сшивка блока,боковая,Страна производства,Украина
235475,"Блокнот BUROMAX spiral side, А4, 80sheets, Barocco, square, blue (BM.2446-614)",U0182599,BM.2446-614,43.16,,"<p>Блокнот BUROMAX - это стильный канцелярский продукт, в котором сочетаются высокое немецкое качество и приятная невысокая цена.<br><br>Продукция ТМ Buromax, в первую очередь, ориентирована на ценителей стиля и качества, прогрессивных, активных и современных деловых людей. Канцелярия ТМ Buromax выгодно подчеркивает индивидуальность и деловой стиль современного офиса, а ассортимент способен удовлетворить потребности даже самого искушенного потребителя. Коллекция канцелярских принадлежностей ТМ Buromax- воплощение инновационных разработок и дизайнерских решений, а также лучшие материалы и отличное качество исполнения.<br></p>",0,"Канцтовары > Блокноты, записные книжки, дневники > Блокноты",BUROMAX,http://opt.brain.com.ua/static/images/prod_img/9/9/U0182599_big.jpg,,,,,Производитель,BUROMAX,Модель,"spiral side, А4, 80sheets, Barocco, square, blue",Артикул,BM.2446-614,Формат,А4,Линовка,клетка,Цвет бумаги,белый,Количество листов,80,Цвет обложки,голубой,Материал обложки,пластик,Переплет,металлическая пружина,Сшивка блока,боковая,Страна производства,Украина
235476,"Блокнот BUROMAX spiral side, А4, 80sheets, Barocco, square, green (BM.2446-615)",U0182600,BM.2446-615,43.47,,"<p>Блокнот BUROMAX - это стильный канцелярский продукт, в котором сочетаются высокое немецкое качество и приятная невысокая цена.<br><br>Продукция ТМ Buromax, в первую очередь, ориентирована на ценителей стиля и качества, прогрессивных, активных и современных деловых людей. Канцелярия ТМ Buromax выгодно подчеркивает индивидуальность и деловой стиль современного офиса, а ассортимент способен удовлетворить потребности даже самого искушенного потребителя. Коллекция канцелярских принадлежностей ТМ Buromax- воплощение инновационных разработок и дизайнерских решений, а также лучшие материалы и отличное качество исполнения.<br></p>",0,"Канцтовары > Блокноты, записные книжки, дневники > Блокноты",BUROMAX,http://opt.brain.com.ua/static/images/prod_img/0/0/U0182600_big.jpg,,,,,Производитель,BUROMAX,Модель,"spiral side, А4, 80sheets, Barocco, square, green",Артикул,BM.2446-615,Формат,А4,Линовка,клетка,Цвет бумаги,белый,Количество листов,80,Цвет обложки,салатовый,Материал обложки,пластик,Переплет,металлическая пружина,Сшивка блока,боковая,Страна производства,Украина
235477,"Блокнот BUROMAX spiral side, В6, 96sheets, KRAFT, white, perforation, assor (BM.2478)",U0182601,BM.2478,28.57,,"<p>Блокнот BUROMAX - это стильный канцелярский продукт, в котором сочетаются высокое немецкое качество и приятная невысокая цена.<br><br>Продукция ТМ Buromax, в первую очередь, ориентирована на ценителей стиля и качества, прогрессивных, активных и современных деловых людей. Канцелярия ТМ Buromax выгодно подчеркивает индивидуальность и деловой стиль современного офиса, а ассортимент способен удовлетворить потребности даже самого искушенного потребителя. Коллекция канцелярских принадлежностей ТМ Buromax- воплощение инновационных разработок и дизайнерских решений, а также лучшие материалы и отличное качество исполнения.<br></p>",0,"Канцтовары > Блокноты, записные книжки, дневники > Блокноты",BUROMAX,http://opt.brain.com.ua/static/images/prod_img/0/1/U0182601_big.jpg,http://opt.brain.com.ua/static/images/prod_img/0/1/U0182601_2big.jpg,,,,Производитель,BUROMAX,Модель,"spiral side, В6, 96sheets, KRAFT, white,  perforat",Артикул,BM.2478,Формат,B6,Линовка,белый,Цвет бумаги,белый,Количество листов,96,Цвет обложки,ассорти,Материал обложки,высокоплотный картон,Переплет,металлическая пружина,Сшивка блока,боковая,Страна производства,Украина
235478,"Блокнот BUROMAX spiral side, В6, 96sheets, KRAFT, square (assorted) (BM.2479)",U0182602,BM.2479,28.57,,"<p>Блокнот BUROMAX - это стильный канцелярский продукт, в котором сочетаются высокое немецкое качество и приятная невысокая цена.<br><br>Продукция ТМ Buromax, в первую очередь, ориентирована на ценителей стиля и качества, прогрессивных, активных и современных деловых людей. Канцелярия ТМ Buromax выгодно подчеркивает индивидуальность и деловой стиль современного офиса, а ассортимент способен удовлетворить потребности даже самого искушенного потребителя. Коллекция канцелярских принадлежностей ТМ Buromax- воплощение инновационных разработок и дизайнерских решений, а также лучшие материалы и отличное качество исполнения.<br></p>",0,"Канцтовары > Блокноты, записные книжки, дневники > Блокноты",BUROMAX,http://opt.brain.com.ua/static/images/prod_img/0/2/U0182602_big.jpg,http://opt.brain.com.ua/static/images/prod_img/0/2/U0182602_2big.jpg,,,,Производитель,BUROMAX,Модель,"spiral side, В6, 96sheets, KRAFT, square (assorted",Артикул,BM.2479,Формат,B6,Линовка,клетка,Цвет бумаги,белый,Количество листов,96,Цвет обложки,ассорти,Материал обложки,крафт-картон,Переплет,металлическая пружина,Сшивка блока,боковая,Страна производства,Украина
235479,"Блокнот BUROMAX spiral side, А6, 80sheets, KRAFT, square, assorted (BM.2483)",U0182603,BM.2483,16.46,,"<p>Блокнот BUROMAX - это стильный канцелярский продукт, в котором сочетаются высокое немецкое качество и приятная невысокая цена.<br><br>Продукция ТМ Buromax, в первую очередь, ориентирована на ценителей стиля и качества, прогрессивных, активных и современных деловых людей. Канцелярия ТМ Buromax выгодно подчеркивает индивидуальность и деловой стиль современного офиса, а ассортимент способен удовлетворить потребности даже самого искушенного потребителя. Коллекция канцелярских принадлежностей ТМ Buromax- воплощение инновационных разработок и дизайнерских решений, а также лучшие материалы и отличное качество исполнения.<br></p>",0,"Канцтовары > Блокноты, записные книжки, дневники > Блокноты",BUROMAX,http://opt.brain.com.ua/static/images/prod_img/0/3/U0182603_big.jpg,http://opt.brain.com.ua/static/images/prod_img/0/3/U0182603_2big.jpg,http://opt.brain.com.ua/static/images/prod_img/0/3/U0182603_3big.jpg,,,Производитель,BUROMAX,Модель,"spiral side, А6, 80sheets, KRAFT, square, assorted",Артикул,BM.2483,Формат,А6,Линовка,клетка,Цвет бумаги,белый,Количество листов,80,Цвет обложки,ассорти,Материал обложки,крафт-картон,Переплет,металлическая пружина,Сшивка блока,боковая,Страна производства,Украина
235480,"Блокнот BUROMAX spiral side, А6, 48sheets, square, blue (BM.2580-02)",U0182604,BM.2580-02,9.0,,"<p>Блокнот BUROMAX - это стильный канцелярский продукт, в котором сочетаются высокое немецкое качество и приятная невысокая цена.<br><br>Продукция ТМ Buromax, в первую очередь, ориентирована на ценителей стиля и качества, прогрессивных, активных и современных деловых людей. Канцелярия ТМ Buromax выгодно подчеркивает индивидуальность и деловой стиль современного офиса, а ассортимент способен удовлетворить потребности даже самого искушенного потребителя. Коллекция канцелярских принадлежностей ТМ Buromax- воплощение инновационных разработок и дизайнерских решений, а также лучшие материалы и отличное качество исполнения.<br></p>",0,"Канцтовары > Блокноты, записные книжки, дневники > Блокноты",BUROMAX,http://opt.brain.com.ua/static/images/prod_img/0/4/U0182604_big.jpg,,,,,Производитель,BUROMAX,Модель,"spiral side, А6, 48sheets, square, blue",Артикул,BM.2580-02,Формат,А6,Линовка,клетка,Цвет бумаги,белый,Количество листов,48,Цвет обложки,синий,Материал обложки,мелованный картон,Переплет,металлическая пружина,Сшивка блока,боковая,Страна производства,Украина
235481,"Блокнот BUROMAX spiral side, А6, 48sheets, square, green (BM.2580-04)",U0182605,BM.2580-04,9.0,,"<p>Блокнот BUROMAX - это стильный канцелярский продукт, в котором сочетаются высокое немецкое качество и приятная невысокая цена.<br><br>Продукция ТМ Buromax, в первую очередь, ориентирована на ценителей стиля и качества, прогрессивных, активных и современных деловых людей. Канцелярия ТМ Buromax выгодно подчеркивает индивидуальность и деловой стиль современного офиса, а ассортимент способен удовлетворить потребности даже самого искушенного потребителя. Коллекция канцелярских принадлежностей ТМ Buromax- воплощение инновационных разработок и дизайнерских решений, а также лучшие материалы и отличное качество исполнения.<br></p>",0,"Канцтовары > Блокноты, записные книжки, дневники > Блокноты",BUROMAX,http://opt.brain.com.ua/static/images/prod_img/0/5/U0182605_big.jpg,,,,,Производитель,BUROMAX,Модель,"spiral side, А6, 48sheets, square, green",Артикул,BM.2580-04,Формат,А6,Линовка,клетка,Цвет бумаги,белый,Количество листов,48,Цвет обложки,зеленый,Материал обложки,мелованный картон,Переплет,металлическая пружина,Сшивка блока,боковая,Страна производства,Украина
235482,"Блокнот BUROMAX spiral side, А6, 48sheets, square, gray (BM.2580-09)",U0182606,BM.2580-09,66.45,,"<p>Блокнот BUROMAX - это стильный канцелярский продукт, в котором сочетаются высокое немецкое качество и приятная невысокая цена.<br><br>Продукция ТМ Buromax, в первую очередь, ориентирована на ценителей стиля и качества, прогрессивных, активных и современных деловых людей. Канцелярия ТМ Buromax выгодно подчеркивает индивидуальность и деловой стиль современного офиса, а ассортимент способен удовлетворить потребности даже самого искушенного потребителя. Коллекция канцелярских принадлежностей ТМ Buromax- воплощение инновационных разработок и дизайнерских решений, а также лучшие материалы и отличное качество исполнения.<br></p>",0,"Канцтовары > Блокноты, записные книжки, дневники > Блокноты",BUROMAX,http://opt.brain.com.ua/static/images/prod_img/0/6/U0182606_big.jpg,,,,,Производитель,BUROMAX,Модель,"spiral side, А6, 48sheets, square, gray",Артикул,BM.2580-09,Формат,А6,Линовка,клетка,Цвет бумаги,белый,Количество листов,48,Цвет обложки,серый,Материал обложки,мелованный картон,Переплет,металлическая пружина,Сшивка блока,боковая,Страна производства,Украина
235483,"Блокнот BUROMAX spiral side, А6, 80sheets, CLASSIC, square, black (BM.2589-001)",U0182607,BM.2589-001,15.84,,"<p>Блокнот BUROMAX - это стильный канцелярский продукт, в котором сочетаются высокое немецкое качество и приятная невысокая цена.<br><br>Продукция ТМ Buromax, в первую очередь, ориентирована на ценителей стиля и качества, прогрессивных, активных и современных деловых людей. Канцелярия ТМ Buromax выгодно подчеркивает индивидуальность и деловой стиль современного офиса, а ассортимент способен удовлетворить потребности даже самого искушенного потребителя. Коллекция канцелярских принадлежностей ТМ Buromax- воплощение инновационных разработок и дизайнерских решений, а также лучшие материалы и отличное качество исполнения.<br></p>",0,"Канцтовары > Блокноты, записные книжки, дневники > Блокноты",BUROMAX,http://opt.brain.com.ua/static/images/prod_img/0/7/U0182607_big.jpg,,,,,Производитель,BUROMAX,Модель,"spiral side, А6, 80sheets, CLASSIC, square, black",Артикул,BM.2589-001,Формат,А6,Линовка,клетка,Цвет бумаги,белый,Количество листов,80,Цвет обложки,черный,Материал обложки,пластик,Переплет,металлическая пружина,Сшивка блока,боковая,Страна производства,Украина
235484,"Блокнот BUROMAX spiral side, А6, 80sheets, CLASSIC, square, blue (BM.2589-002)",U0182608,BM.2589-002,15.84,,"<p>Блокнот BUROMAX - это стильный канцелярский продукт, в котором сочетаются высокое немецкое качество и приятная невысокая цена.<br><br>Продукция ТМ Buromax, в первую очередь, ориентирована на ценителей стиля и качества, прогрессивных, активных и современных деловых людей. Канцелярия ТМ Buromax выгодно подчеркивает индивидуальность и деловой стиль современного офиса, а ассортимент способен удовлетворить потребности даже самого искушенного потребителя. Коллекция канцелярских принадлежностей ТМ Buromax- воплощение инновационных разработок и дизайнерских решений, а также лучшие материалы и отличное качество исполнения.<br></p>",0,"Канцтовары > Блокноты, записные книжки, дневники > Блокноты",BUROMAX,http://opt.brain.com.ua/static/images/prod_img/0/8/U0182608_big.jpg,,,,,Производитель,BUROMAX,Модель,"spiral side, А6, 80sheets, CLASSIC, square, blue",Артикул,BM.2589-002,Формат,А6,Линовка,клетка,Цвет бумаги,белый,Количество листов,80,Цвет обложки,синий,Материал обложки,пластик,Переплет,металлическая пружина,Сшивка блока,боковая,Страна производства,Украина
235485,"Блокнот BUROMAX spiral side, А6, 80sheets, CLASSIC, square, green (BM.2589-004)",U0182609,BM.2589-004,15.84,,"<p>Блокнот BUROMAX - это стильный канцелярский продукт, в котором сочетаются высокое немецкое качество и приятная невысокая цена.<br><br>Продукция ТМ Buromax, в первую очередь, ориентирована на ценителей стиля и качества, прогрессивных, активных и современных деловых людей. Канцелярия ТМ Buromax выгодно подчеркивает индивидуальность и деловой стиль современного офиса, а ассортимент способен удовлетворить потребности даже самого искушенного потребителя. Коллекция канцелярских принадлежностей ТМ Buromax- воплощение инновационных разработок и дизайнерских решений, а также лучшие материалы и отличное качество исполнения.<br></p>",0,"Канцтовары > Блокноты, записные книжки, дневники > Блокноты",BUROMAX,http://opt.brain.com.ua/static/images/prod_img/0/9/U0182609_big.jpg,,,,,Производитель,BUROMAX,Модель,"spiral side, А6, 80sheets, CLASSIC, square, green",Артикул,BM.2589-004,Формат,А6,Линовка,клетка,Цвет бумаги,белый,Количество листов,80,Цвет обложки,зеленый,Материал обложки,пластик,Переплет,металлическая пружина,Сшивка блока,боковая,Страна производства,Украина
235486,"Блокнот BUROMAX spiral side, А6, 80sheets, CLASSIC, square, red (BM.2589-005)",U0182610,BM.2589-005,15.84,,"<p>Блокнот BUROMAX - это стильный канцелярский продукт, в котором сочетаются высокое немецкое качество и приятная невысокая цена.<br><br>Продукция ТМ Buromax, в первую очередь, ориентирована на ценителей стиля и качества, прогрессивных, активных и современных деловых людей. Канцелярия ТМ Buromax выгодно подчеркивает индивидуальность и деловой стиль современного офиса, а ассортимент способен удовлетворить потребности даже самого искушенного потребителя. Коллекция канцелярских принадлежностей ТМ Buromax- воплощение инновационных разработок и дизайнерских решений, а также лучшие материалы и отличное качество исполнения.<br></p>",0,"Канцтовары > Блокноты, записные книжки, дневники > Блокноты",BUROMAX,http://opt.brain.com.ua/static/images/prod_img/1/0/U0182610_big.jpg,,,,,Производитель,BUROMAX,Модель,"spiral side, А6, 80sheets, CLASSIC, square, red",Артикул,BM.2589-005,Формат,А6,Линовка,клетка,Цвет бумаги,белый,Количество листов,80,Цвет обложки,красный,Материал обложки,пластик,Переплет,металлическая пружина,Сшивка блока,боковая,Страна производства,Украина
235487,"Блокнот BUROMAX spiral side, А6, 80sheets, CLASSIC, square, gray (BM.2589-009)",U0182611,BM.2589-009,15.84,,"<p>Блокнот BUROMAX - это стильный канцелярский продукт, в котором сочетаются высокое немецкое качество и приятная невысокая цена.<br><br>Продукция ТМ Buromax, в первую очередь, ориентирована на ценителей стиля и качества, прогрессивных, активных и современных деловых людей. Канцелярия ТМ Buromax выгодно подчеркивает индивидуальность и деловой стиль современного офиса, а ассортимент способен удовлетворить потребности даже самого искушенного потребителя. Коллекция канцелярских принадлежностей ТМ Buromax- воплощение инновационных разработок и дизайнерских решений, а также лучшие материалы и отличное качество исполнения.<br></p>",0,"Канцтовары > Блокноты, записные книжки, дневники > Блокноты",BUROMAX,http://opt.brain.com.ua/static/images/prod_img/1/1/U0182611_big.jpg,,,,,Производитель,BUROMAX,Модель,"spiral side, А6, 80sheets, CLASSIC, square, gray",Артикул,BM.2589-009,Формат,А6,Линовка,клетка,Цвет бумаги,белый,Количество листов,80,Цвет обложки,серый,Материал обложки,пластик,Переплет,металлическая пружина,Сшивка блока,боковая,Страна производства,Украина
235488,"Блокнот BUROMAX spiral side, А6, 80sheets, Note, square, black (BM.2589-501)",U0182612,BM.2589-501,15.21,,"<p>Блокнот BUROMAX - это стильный канцелярский продукт, в котором сочетаются высокое немецкое качество и приятная невысокая цена.<br><br>Продукция ТМ Buromax, в первую очередь, ориентирована на ценителей стиля и качества, прогрессивных, активных и современных деловых людей. Канцелярия ТМ Buromax выгодно подчеркивает индивидуальность и деловой стиль современного офиса, а ассортимент способен удовлетворить потребности даже самого искушенного потребителя. Коллекция канцелярских принадлежностей ТМ Buromax- воплощение инновационных разработок и дизайнерских решений, а также лучшие материалы и отличное качество исполнения.<br></p>",0,"Канцтовары > Блокноты, записные книжки, дневники > Блокноты",BUROMAX,http://opt.brain.com.ua/static/images/prod_img/1/2/U0182612_big.jpg,,,,,Производитель,BUROMAX,Модель,"spiral side, А6, 80sheets, Note, square, black",Артикул,BM.2589-501,Формат,А6,Линовка,клетка,Цвет бумаги,белый,Количество листов,80,Цвет обложки,черный,Материал обложки,пластик,Переплет,металлическая пружина,Сшивка блока,боковая,Страна производства,Украина
235489,"Блокнот BUROMAX spiral side, А6, 80sheets, Note, square, burgundy (BM.2589-513)",U0182613,BM.2589-513,16.77,,"<p>Блокнот BUROMAX - это стильный канцелярский продукт, в котором сочетаются высокое немецкое качество и приятная невысокая цена.<br><br>Продукция ТМ Buromax, в первую очередь, ориентирована на ценителей стиля и качества, прогрессивных, активных и современных деловых людей. Канцелярия ТМ Buromax выгодно подчеркивает индивидуальность и деловой стиль современного офиса, а ассортимент способен удовлетворить потребности даже самого искушенного потребителя. Коллекция канцелярских принадлежностей ТМ Buromax- воплощение инновационных разработок и дизайнерских решений, а также лучшие материалы и отличное качество исполнения.<br></p>",0,"Канцтовары > Блокноты, записные книжки, дневники > Блокноты",BUROMAX,http://opt.brain.com.ua/static/images/prod_img/1/3/U0182613_big.jpg,,,,,Производитель,BUROMAX,Модель,"spiral side, А6, 80sheets, Note, square, burgundy",Артикул,BM.2589-513,Формат,А6,Линовка,клетка,Цвет бумаги,белый,Количество листов,80,Цвет обложки,бордовый,Материал обложки,пластик,Переплет,металлическая пружина,Сшивка блока,боковая,Страна производства,Украина
235490,"Блокнот BUROMAX spiral side, А6, 80sheets, Note, square, dark green (BM.2589-516)",U0182614,BM.2589-516,16.77,,"<p>Блокнот BUROMAX - это стильный канцелярский продукт, в котором сочетаются высокое немецкое качество и приятная невысокая цена.<br><br>Продукция ТМ Buromax, в первую очередь, ориентирована на ценителей стиля и качества, прогрессивных, активных и современных деловых людей. Канцелярия ТМ Buromax выгодно подчеркивает индивидуальность и деловой стиль современного офиса, а ассортимент способен удовлетворить потребности даже самого искушенного потребителя. Коллекция канцелярских принадлежностей ТМ Buromax- воплощение инновационных разработок и дизайнерских решений, а также лучшие материалы и отличное качество исполнения.<br></p>",0,"Канцтовары > Блокноты, записные книжки, дневники > Блокноты",BUROMAX,http://opt.brain.com.ua/static/images/prod_img/1/4/U0182614_big.jpg,,,,,Производитель,BUROMAX,Модель,"spiral side, А6, 80sheets, Note, square, dark gree",Артикул,BM.2589-516,Формат,А6,Линовка,клетка,Цвет бумаги,белый,Количество листов,80,Цвет обложки,темно-зеленый,Материал обложки,пластик,Переплет,металлическая пружина,Сшивка блока,боковая,Страна производства,Украина
235491,"Блокнот BUROMAX spiral side, А6, 80sheets, Note, square, silver (BM.2589-524)",U0182615,BM.2589-524,16.77,,"<p>Блокнот BUROMAX - это стильный канцелярский продукт, в котором сочетаются высокое немецкое качество и приятная невысокая цена.<br><br>Продукция ТМ Buromax, в первую очередь, ориентирована на ценителей стиля и качества, прогрессивных, активных и современных деловых людей. Канцелярия ТМ Buromax выгодно подчеркивает индивидуальность и деловой стиль современного офиса, а ассортимент способен удовлетворить потребности даже самого искушенного потребителя. Коллекция канцелярских принадлежностей ТМ Buromax- воплощение инновационных разработок и дизайнерских решений, а также лучшие материалы и отличное качество исполнения.<br></p>",0,"Канцтовары > Блокноты, записные книжки, дневники > Блокноты",BUROMAX,http://opt.brain.com.ua/static/images/prod_img/1/5/U0182615_big.jpg,,,,,Производитель,BUROMAX,Модель,"spiral side, А6, 80sheets, Note, square, silver",Артикул,BM.2589-524,Формат,А6,Линовка,клетка,Цвет бумаги,белый,Количество листов,80,Цвет обложки,серебристый,Материал обложки,пластик,Переплет,металлическая пружина,Сшивка блока,боковая,Страна производства,Украина
235492,"Блокнот BUROMAX spiral side, А6, 80sheets, Barocco, square, violet (BM.2589-607)",U0182616,BM.2589-607,18.01,,"<p>Блокнот BUROMAX - это стильный канцелярский продукт, в котором сочетаются высокое немецкое качество и приятная невысокая цена.<br><br>Продукция ТМ Buromax, в первую очередь, ориентирована на ценителей стиля и качества, прогрессивных, активных и современных деловых людей. Канцелярия ТМ Buromax выгодно подчеркивает индивидуальность и деловой стиль современного офиса, а ассортимент способен удовлетворить потребности даже самого искушенного потребителя. Коллекция канцелярских принадлежностей ТМ Buromax- воплощение инновационных разработок и дизайнерских решений, а также лучшие материалы и отличное качество исполнения.<br></p>",0,"Канцтовары > Блокноты, записные книжки, дневники > Блокноты",BUROMAX,http://opt.brain.com.ua/static/images/prod_img/1/6/U0182616_big.jpg,,,,,Производитель,BUROMAX,Модель,"spiral side, А6, 80sheets, Barocco, square, violet",Артикул,BM.2589-607,Формат,А6,Линовка,клетка,Цвет бумаги,белый,Количество листов,80,Цвет обложки,фиолетовый,Материал обложки,пластик,Переплет,металлическая пружина,Сшивка блока,боковая,Страна производства,Украина
235493,"Блокнот BUROMAX spiral side, А6, 80sheets, Barocco, square, pink (BM.2589-610)",U0182617,BM.2589-610,18.01,,"<p>Блокнот BUROMAX - это стильный канцелярский продукт, в котором сочетаются высокое немецкое качество и приятная невысокая цена.<br><br>Продукция ТМ Buromax, в первую очередь, ориентирована на ценителей стиля и качества, прогрессивных, активных и современных деловых людей. Канцелярия ТМ Buromax выгодно подчеркивает индивидуальность и деловой стиль современного офиса, а ассортимент способен удовлетворить потребности даже самого искушенного потребителя. Коллекция канцелярских принадлежностей ТМ Buromax- воплощение инновационных разработок и дизайнерских решений, а также лучшие материалы и отличное качество исполнения.<br></p>",0,"Канцтовары > Блокноты, записные книжки, дневники > Блокноты",BUROMAX,http://opt.brain.com.ua/static/images/prod_img/1/7/U0182617_big.jpg,,,,,Производитель,BUROMAX,Модель,"spiral side, А6, 80sheets, Barocco, square, pink",Артикул,BM.2589-610,Формат,А6,Линовка,клетка,Цвет бумаги,белый,Количество листов,80,Цвет обложки,розовый,Материал обложки,пластик,Переплет,металлическая пружина,Сшивка блока,боковая,Страна производства,Украина
235494,"Блокнот BUROMAX spiral side, А6, 80sheets, Barocco, square, blue (BM.2589-614)",U0182618,BM.2589-614,17.7,,"<p>Блокнот BUROMAX - это стильный канцелярский продукт, в котором сочетаются высокое немецкое качество и приятная невысокая цена.<br><br>Продукция ТМ Buromax, в первую очередь, ориентирована на ценителей стиля и качества, прогрессивных, активных и современных деловых людей. Канцелярия ТМ Buromax выгодно подчеркивает индивидуальность и деловой стиль современного офиса, а ассортимент способен удовлетворить потребности даже самого искушенного потребителя. Коллекция канцелярских принадлежностей ТМ Buromax- воплощение инновационных разработок и дизайнерских решений, а также лучшие материалы и отличное качество исполнения.<br></p>",0,"Канцтовары > Блокноты, записные книжки, дневники > Блокноты",BUROMAX,http://opt.brain.com.ua/static/images/prod_img/1/8/U0182618_big.jpg,,,,,Производитель,BUROMAX,Модель,"spiral side, А6, 80sheets, Barocco, square, blue",Артикул,BM.2589-614,Формат,А6,Линовка,клетка,Цвет бумаги,белый,Количество листов,80,Цвет обложки,голубой,Материал обложки,пластик,Переплет,металлическая пружина,Сшивка блока,боковая,Страна производства,Украина
235495,"Блокнот BUROMAX spiral side, А6, 80sheets, Barocco, square, green (BM.2589-615)",U0182619,BM.2589-615,18.01,,"<p>Блокнот BUROMAX - это стильный канцелярский продукт, в котором сочетаются высокое немецкое качество и приятная невысокая цена.<br><br>Продукция ТМ Buromax, в первую очередь, ориентирована на ценителей стиля и качества, прогрессивных, активных и современных деловых людей. Канцелярия ТМ Buromax выгодно подчеркивает индивидуальность и деловой стиль современного офиса, а ассортимент способен удовлетворить потребности даже самого искушенного потребителя. Коллекция канцелярских принадлежностей ТМ Buromax- воплощение инновационных разработок и дизайнерских решений, а также лучшие материалы и отличное качество исполнения.<br></p>",0,"Канцтовары > Блокноты, записные книжки, дневники > Блокноты",BUROMAX,http://opt.brain.com.ua/static/images/prod_img/1/9/U0182619_big.jpg,,,,,Производитель,BUROMAX,Модель,"spiral side, А6, 80sheets, Barocco, square, green",Артикул,BM.2589-615,Формат,А6,Линовка,клетка,Цвет бумаги,белый,Количество листов,80,Цвет обложки,салатовый,Материал обложки,пластик,Переплет,металлическая пружина,Сшивка блока,боковая,Страна производства,Украина
235496,"Блокнот BUROMAX spiral side, А6, 80sheets, Red & Black, square, black (BM.2589-701)",U0182620,BM.2589-701,17.7,,"<p>Блокнот BUROMAX - это стильный канцелярский продукт, в котором сочетаются высокое немецкое качество и приятная невысокая цена.<br><br>Продукция ТМ Buromax, в первую очередь, ориентирована на ценителей стиля и качества, прогрессивных, активных и современных деловых людей. Канцелярия ТМ Buromax выгодно подчеркивает индивидуальность и деловой стиль современного офиса, а ассортимент способен удовлетворить потребности даже самого искушенного потребителя. Коллекция канцелярских принадлежностей ТМ Buromax- воплощение инновационных разработок и дизайнерских решений, а также лучшие материалы и отличное качество исполнения.<br></p>",0,"Канцтовары > Блокноты, записные книжки, дневники > Блокноты",BUROMAX,http://opt.brain.com.ua/static/images/prod_img/2/0/U0182620_big.jpg,,,,,Производитель,BUROMAX,Модель,"spiral side, А6, 80sheets, Red & Black, square, bl",Артикул,BM.2589-701,Формат,А6,Линовка,клетка,Цвет бумаги,белый,Количество листов,80,Цвет обложки,черный,Материал обложки,пластик,Переплет,металлическая пружина,Сшивка блока,боковая,Страна производства,Украина
235497,"Блокнот BUROMAX spiral side, А6, 80sheets, Red & Black, square, coral (BM.2589-727)",U0182621,BM.2589-727,17.7,,"<p>Блокнот BUROMAX - это стильный канцелярский продукт, в котором сочетаются высокое немецкое качество и приятная невысокая цена.<br><br>Продукция ТМ Buromax, в первую очередь, ориентирована на ценителей стиля и качества, прогрессивных, активных и современных деловых людей. Канцелярия ТМ Buromax выгодно подчеркивает индивидуальность и деловой стиль современного офиса, а ассортимент способен удовлетворить потребности даже самого искушенного потребителя. Коллекция канцелярских принадлежностей ТМ Buromax- воплощение инновационных разработок и дизайнерских решений, а также лучшие материалы и отличное качество исполнения.<br></p>",0,"Канцтовары > Блокноты, записные книжки, дневники > Блокноты",BUROMAX,http://opt.brain.com.ua/static/images/prod_img/2/1/U0182621_big.jpg,,,,,Производитель,BUROMAX,Модель,"spiral side, А6, 80sheets, Red & Black, square, co",Артикул,BM.2589-727,Формат,А6,Линовка,клетка,Цвет бумаги,белый,Количество листов,80,Цвет обложки,коралловый,Материал обложки,пластик,Переплет,металлическая пружина,Сшивка блока,боковая,Страна производства,Украина
235498,"Блокнот BUROMAX spiral side, А6, 80sheets, Metallic, square, blue (BM.2589-902)",U0182622,BM.2589-902,15.21,,"<p>Блокнот BUROMAX - это стильный канцелярский продукт, в котором сочетаются высокое немецкое качество и приятная невысокая цена.<br><br>Продукция ТМ Buromax, в первую очередь, ориентирована на ценителей стиля и качества, прогрессивных, активных и современных деловых людей. Канцелярия ТМ Buromax выгодно подчеркивает индивидуальность и деловой стиль современного офиса, а ассортимент способен удовлетворить потребности даже самого искушенного потребителя. Коллекция канцелярских принадлежностей ТМ Buromax- воплощение инновационных разработок и дизайнерских решений, а также лучшие материалы и отличное качество исполнения.<br></p>",0,"Канцтовары > Блокноты, записные книжки, дневники > Блокноты",BUROMAX,http://opt.brain.com.ua/static/images/prod_img/2/2/U0182622_big.jpg,,,,,Производитель,BUROMAX,Модель,"spiral side, А6, 80sheets, Metallic, square, blue",Артикул,BM.2589-902,Формат,А6,Линовка,клетка,Цвет бумаги,белый,Количество листов,80,Цвет обложки,синий,Материал обложки,пластик,Переплет,металлическая пружина,Сшивка блока,боковая,Страна производства,Украина
235499,"Блокнот BUROMAX spiral side, А6, 80sheets, Metallic, square, violet (BM.2589-907)",U0182623,BM.2589-907,14.59,,"<p>Блокнот BUROMAX - это стильный канцелярский продукт, в котором сочетаются высокое немецкое качество и приятная невысокая цена.<br><br>Продукция ТМ Buromax, в первую очередь, ориентирована на ценителей стиля и качества, прогрессивных, активных и современных деловых людей. Канцелярия ТМ Buromax выгодно подчеркивает индивидуальность и деловой стиль современного офиса, а ассортимент способен удовлетворить потребности даже самого искушенного потребителя. Коллекция канцелярских принадлежностей ТМ Buromax- воплощение инновационных разработок и дизайнерских решений, а также лучшие материалы и отличное качество исполнения.<br></p>",0,"Канцтовары > Блокноты, записные книжки, дневники > Блокноты",BUROMAX,http://opt.brain.com.ua/static/images/prod_img/2/3/U0182623_big.jpg,,,,,Производитель,BUROMAX,Модель,"spiral side, А6, 80sheets, Metallic, square, viole",Артикул,BM.2589-907,Формат,А6,Линовка,клетка,Цвет бумаги,белый,Количество листов,80,Цвет обложки,фиолетовый,Материал обложки,пластик,Переплет,металлическая пружина,Сшивка блока,боковая,Страна производства,Украина
235500,"Блокнот BUROMAX spiral side, А6, 80sheets, Metallic, square, silver (BM.2589-924)",U0182624,BM.2589-924,14.59,,"<p>Блокнот BUROMAX - это стильный канцелярский продукт, в котором сочетаются высокое немецкое качество и приятная невысокая цена.<br><br>Продукция ТМ Buromax, в первую очередь, ориентирована на ценителей стиля и качества, прогрессивных, активных и современных деловых людей. Канцелярия ТМ Buromax выгодно подчеркивает индивидуальность и деловой стиль современного офиса, а ассортимент способен удовлетворить потребности даже самого искушенного потребителя. Коллекция канцелярских принадлежностей ТМ Buromax- воплощение инновационных разработок и дизайнерских решений, а также лучшие материалы и отличное качество исполнения.<br></p>",0,"Канцтовары > Блокноты, записные книжки, дневники > Блокноты",BUROMAX,http://opt.brain.com.ua/static/images/prod_img/2/4/U0182624_big.jpg,,,,,Производитель,BUROMAX,Модель,"spiral side, А6, 80sheets, Metallic, square, silve",Артикул,BM.2589-924,Формат,А6,Линовка,клетка,Цвет бумаги,белый,Количество листов,80,Цвет обложки,серебристый,Материал обложки,пластик,Переплет,металлическая пружина,Сшивка блока,боковая,Страна производства,Украина
235501,"Блокнот РЕВЕРС spiral side, А5, 48sheets, square (assorted colors) (TA5.48-18)",U0182625,TA5.48-18,13.35,,"<p>

<p><b>Блокнот РЕВЕРС spiral side, А5, 48sheets, square, 10шт(assorted colors) (TA5.48-18)


</b>
<br></p><p>Блокнот является удобным способом ведения записей, он всегда находится под рукой. Этот аксессуар стал неотъемлемым аксессуаром как студента, так и бизнесмена. Особенности: &nbsp;формат - А5/ переплет - металлическая эмалированная пружина / страницы в клетку / обложка - плотный картон / внутренний блок - офсетная бумага, 70г/м2 / количество листов - 48 / цвет - ассорти.</p><p>На сегодняшний день ассортимент &nbsp;РЕВЕРС

 значительно расширился, что позволяет удовлетворить пожелания самых требовательных потребителей. Ассортимент продукции 

<b>РЕВЕРС</b>&nbsp;насчитывает не одну тысячу наименований. К Вашему вниманию различные товары для офиса, письменные принадлежности, бумажно-деловые изделия, товары для школьников и детей, широкий выбор товаров для делопроизводства, калькуляторы, а также сувенирная и подарочная продукция и многие другие товары.</p>

<br></p>",0,"Канцтовары > Блокноты, записные книжки, дневники > Блокноты",РЕВЕРС,http://opt.brain.com.ua/static/images/prod_img/2/5/U0182625_big.jpg,,,,,Производитель,РЕВЕРС,Модель,"spiral side, А5, 48sheets, square (assorted colors",Артикул,TA5.48-18,Формат,А5,Линовка,клетка,Цвет бумаги,белый,Количество листов,48,Цвет обложки,ассорти,Материал обложки,картон,Переплет,металлическая пружина,Сшивка блока,боковая,Страна производства,Украина
235502,"Блокнот РЕВЕРС spiral side, А5, 96sheets, square (assorted colors) (TA5.96-174)",U0182626,TA5.96-174,23.6,,"<p>

<p><b>Блокнот 

РЕВЕРС spiral side, А5, 96sheets, square, 10шт(assorted colors) (TA5.96-174)



</b>
<br></p><p>Блокнот является удобным способом ведения записей, он всегда находится под рукой. Этот аксессуар стал неотъемлемым аксессуаром как студента, так и бизнесмена. </p><p><b></b>Особенности: &nbsp;формат - А5/ переплет - металлическая эмалированная пружина / страницы в клетку / обложка - плотный картон / внутренний блок - офсетная бумага, 70г/м2 / количество листов - 96 / цвет - ассорти.<br></p><p>На сегодняшний день ассортимент &nbsp;РЕВЕРС

 значительно расширился, что позволяет удовлетворить пожелания самых требовательных потребителей. Ассортимент продукции 

<b>РЕВЕРС</b>&nbsp;насчитывает не одну тысячу наименований. К Вашему вниманию различные товары для офиса, письменные принадлежности, бумажно-деловые изделия, товары для школьников и детей, широкий выбор товаров для делопроизводства, калькуляторы, а также сувенирная и подарочная продукция и многие другие товары.</p>

<br></p>",0,"Канцтовары > Блокноты, записные книжки, дневники > Блокноты",РЕВЕРС,http://opt.brain.com.ua/static/images/prod_img/2/6/U0182626_big.jpg,,,,,Производитель,РЕВЕРС,Модель,"spiral side, А5, 96sheets, square (assorted colors",Артикул,TA5.96-174,Формат,А5,Линовка,клетка,Цвет бумаги,белый,Количество листов,96,Цвет обложки,ассорти,Материал обложки,картон,Переплет,металлическая пружина,Сшивка блока,боковая,Страна производства,Украина
235503,"Блокнот РЕВЕРС spiral side, А5, 96sheets, ""Алкор"" (ЗА5.96-195)",U0182627,ЗА5.96-195,38.5,,"<p>

<p><b>

Блокнот РЕВЕРС spiral side, А5, 96sheets, ""Алкор"" (ЗА5.96-195)





</b>
<br></p><p>Блокнот является удобным способом ведения записей, он всегда находится под рукой. Этот аксессуар стал неотъемлемым аксессуаром как студента, так и бизнесмена. </p><p><b></b>Особенности: &nbsp;формат - А5/ переплет - металлическая эмалированная пружина / страницы в клетку / обложка - 

ламинированный картон

 / внутренний блок - офсетная бумага, 70г/м2 / количество листов - 96 / цвет - ассорти.<br></p><p>На сегодняшний день ассортимент &nbsp;РЕВЕРС

 значительно расширился, что позволяет удовлетворить пожелания самых требовательных потребителей. Ассортимент &nbsp;<b>РЕВЕРС</b>&nbsp;насчитывает не одну тысячу наименований. К Вашему вниманию различные товары для офиса, письменные принадлежности, бумажно-деловые изделия, товары для школьников и детей, широкий выбор товаров для делопроизводства, калькуляторы, а также сувенирная и подарочная продукция и многие другие товары.</p>



<br></p>",0,"Канцтовары > Блокноты, записные книжки, дневники > Блокноты",РЕВЕРС,http://opt.brain.com.ua/static/images/prod_img/2/7/U0182627_big.jpg,,,,,Производитель,РЕВЕРС,Модель,"spiral side, А5, 96sheets, ""Алкор""",Артикул,ЗА5.96-195,Формат,А5,Линовка,клетка,Цвет бумаги,белый,Количество листов,96,Цвет обложки,ассорти,Материал обложки,картон,Переплет,металлическая пружина,Сшивка блока,боковая,Страна производства,Украина
235504,"Блокнот РЕВЕРС spiral side, А6, 192sheets (assorted colors) (ЗА6.192-199)",U0182628,ЗА6.192-199,26.39,,"<p>

<p><b>Блокнот РЕВЕРС spiral side, А6, 192sheets, 5шт(assorted colors) (ЗА6.192-199)




</b>
<br></p><p>Блокнот является удобным способом ведения записей, он всегда находится под рукой. Этот аксессуар стал неотъемлемым аксессуаром как студента, так и бизнесмена. Особенности: &nbsp;формат - А6/ переплет - металлическая эмалированная пружина / страницы в клетку / обложка - плотный картон / внутренний блок - офсетная бумага, 70г/м2 / количество листов - 192.</p><p>На сегодняшний день ассортимент продукции 

РЕВЕРС

 значительно расширился, что позволяет удовлетворить пожелания самых требовательных потребителей. Ассортимент продукции 

<b>РЕВЕРС</b>&nbsp;насчитывает не одну тысячу наименований. К Вашему вниманию различные товары для офиса, письменные принадлежности, бумажно-деловые изделия, товары для школьников и детей, широкий выбор товаров для делопроизводства, калькуляторы, а также сувенирная и подарочная продукция и многие другие товары.</p>

<br></p>",0,"Канцтовары > Блокноты, записные книжки, дневники > Блокноты",РЕВЕРС,http://opt.brain.com.ua/static/images/prod_img/2/8/U0182628_big.jpg,,,,,Производитель,РЕВЕРС,Модель,"spiral side, А6, 192sheets (assorted colors)",Артикул,ЗА6.192-199,Формат,А6,Линовка,клетка,Цвет бумаги,белый,Количество листов,192,Цвет обложки,ассорти,Материал обложки,картон,Переплет,металлическая пружина,Сшивка блока,боковая,Страна производства,Украина
235505,"Блокнот РЕВЕРС spiral side, А6, 96sheets (assorted colors) (ЗА6.96-167)",U0182629,ЗА6.96-167,14.28,,"<p>

<p><b>Блокнот РЕВЕРС spiral side, А6, 96sheets, 10шт(assorted colors) (ЗА6.96-167)






</b>
<br></p><p>Блокнот является удобным способом ведения записей, он всегда находится под рукой. Этот аксессуар стал неотъемлемым аксессуаром как студента, так и бизнесмена. </p><p><b></b>Особенности: &nbsp;бумага офсетная в клетку плотностью &nbsp;60 г/кв. м, 96 листов. Формат А6. Обложка из прозрачного пластика плотностью 400 микрон. Под пластиковой обложкой полноцветная печать на бумаге 80г/кв. м. Рисунок в ассортименте. Блокнот скреплен металлической пружиной сбоку.<br></p><p>Ассортимент &nbsp;<b>РЕВЕРС</b>&nbsp;насчитывает не одну тысячу наименований. К Вашему вниманию различные товары для офиса, письменные принадлежности, бумажно-деловые изделия, товары для школьников и детей, широкий выбор товаров для делопроизводства, калькуляторы, а также сувенирная и подарочная продукция и многие другие товары.</p>

<br></p>",0,"Канцтовары > Блокноты, записные книжки, дневники > Блокноты",РЕВЕРС,http://opt.brain.com.ua/static/images/prod_img/2/9/U0182629_big.jpg,,,,,Производитель,РЕВЕРС,Модель,"spiral side, А6, 96sheets (assorted colors)",Артикул,ЗА6.96-167,Формат,А6,Линовка,клетка,Цвет бумаги,белый,Количество листов,96,Цвет обложки,ассорти,Материал обложки,картон,Переплет,металлическая пружина,Сшивка блока,боковая,Страна производства,Украина
235506,"Блокнот РЕВЕРС spiral side, А6, 96sheets, ""Спектр"" (assorted colors) (ЗА6.96-204)",U0182630,ЗА6.96-204,19.25,,"<p>

<p><b>Блокнот РЕВЕРС spiral side, А6, 96sheets, ""Спектр"" 10шт(assorted colors) (ЗА6.96-204)







</b>
<br></p><p>Блокнот является удобным способом ведения записей, он всегда находится под рукой. Этот аксессуар стал неотъемлемым аксессуаром как студента, так и бизнесмена. </p><p><b></b>Особенности блокнота: &nbsp;бумага офсетная в клетку плотностью &nbsp;60 г/кв. м, 96 листов. Формат А6. Обложка из прозрачного пластика плотностью 400 микрон. Под пластиковой обложкой полноцветная печать на бумаге 80г/кв. м. Рисунок в ассортименте. Блокнот скреплен металлической пружиной сбоку.<br></p><p>Ассортимент &nbsp;<b>РЕВЕРС</b>&nbsp;насчитывает не одну тысячу наименований. К Вашему вниманию различные товары для офиса, письменные принадлежности, бумажно-деловые изделия, товары для школьников и детей, широкий выбор товаров для делопроизводства, калькуляторы, а также сувенирная и подарочная продукция и многие другие товары.</p>



<br></p>",0,"Канцтовары > Блокноты, записные книжки, дневники > Блокноты",РЕВЕРС,http://opt.brain.com.ua/static/images/prod_img/3/0/U0182630_big.jpg,,,,,Производитель,РЕВЕРС,Модель,"spiral side, А6, 96sheets, ""Спектр"" (assorted colo",Артикул,ЗА6.96-204,Формат,А6,Линовка,клетка,Цвет бумаги,белый,Количество листов,96,Цвет обложки,ассорти,Материал обложки,пластик,Переплет,металлическая пружина,Сшивка блока,боковая,Страна производства,Украина
235507,"Блокнот РЕВЕРС spiral side, А7, 96sheets (assorted colors) (ЗА7.96-213)",U0182631,ЗА7.96-213,7.14,,"<p>

<p><b><br>Блокнот РЕВЕРС spiral side, А7, 96sheets, 10шт(assorted colors) (ЗА7.96-213)








</b>
<br></p><p>Блокнот является удобным способом ведения записей, он всегда находится под рукой. Этот аксессуар стал неотъемлемым аксессуаром как студента, так и бизнесмена. </p><p><b></b>Особенности блокнота

РЕВЕРС

: &nbsp;бумага офсетная в клетку плотностью &nbsp;60 г/кв. м, 96 листов. Формат А7. Обложка из прозрачного пластика плотностью 400 микрон. Под пластиковой обложкой полноцветная печать на бумаге 80г/кв. м. Рисунок в ассортименте. Блокнот скреплен металлической пружиной сбоку.<br></p><p>Ассортимент <b>РЕВЕРС</b>&nbsp;насчитывает не одну тысячу наименований. К Вашему вниманию различные товары для офиса, письменные принадлежности, бумажно-деловые изделия, товары для школьников и детей, широкий выбор товаров для делопроизводства, калькуляторы, а также сувенирная и подарочная продукция и многие другие товары.</p>

<br></p>",0,"Канцтовары > Блокноты, записные книжки, дневники > Блокноты",РЕВЕРС,http://opt.brain.com.ua/static/images/prod_img/3/1/U0182631_big.jpg,,,,,Производитель,РЕВЕРС,Модель,"spiral side, А7, 96sheets (assorted colors)",Артикул,ЗА7.96-213,Формат,А7,Линовка,клетка,Цвет бумаги,белый,Количество листов,96,Цвет обложки,ассорти,Материал обложки,картон,Переплет,металлическая пружина,Сшивка блока,боковая,Страна производства,Украина
240768,"Блокнот BUROMAX spiral top, А5, 48sheets, square, blue (BM.2470-02)",U0182566,BM.2470-02,9.94,"Формат - А5, линовка - клетка, цвет бумаги - белый, количество листов - 48, цвет обложки - синий, переплет - металлическая пружина, сшивка блока - сверху","<p><b>Блокнот BUROMAX</b> - это стильный канцелярский продукт, в котором сочетаются высокое немецкое качество и приятная невысокая цена.<br><b>Продукция ТМ Buromax,</b> в первую очередь, ориентирована на ценителей стиля и качества, прогрессивных, активных и современных деловых людей. <br><b>Канцелярия ТМ Buromax</b> выгодно подчеркивает индивидуальность и деловой стиль современного офиса, а ассортимент способен удовлетворить потребности даже самого искушенного потребителя. <br><b>Коллекция канцелярских принадлежностей ТМ Buromax&nbsp;</b>- воплощение инновационных разработок и дизайнерских решений, а также лучшие материалы и отличное качество исполнения.<br><b>Особенности блокнота BUROMAX spiral top, А5, 48sheets, square, blue (BM.2470-02):</b><br>- переплет: металлическая эмалированная пружина <br> - обложка: мелованный картон, плотность 200г/м², <br> - внутренний блок: офсетная бумага, плотность 60 г/м², <br> - линовка: клетка<br> - сшивка блока: сверху.<br></p>",0,"Канцтовары > Блокноты, записные книжки, дневники > Блокноты",BUROMAX,http://opt.brain.com.ua/static/images/prod_img/6/6/U0182566_big.jpg,,,,,Производитель,BUROMAX,Модель,"spiral top, А5, 48sheets, square, blue",Артикул,BM.2470-02,Формат,А5,Линовка,клетка,Цвет бумаги,белый,Количество листов,48,Цвет обложки,синий,Материал обложки,мелованный картон,Переплет,металлическая пружина,Сшивка блока,сверху,Страна производства,Украина
